{"type": "FeatureCollection", "features": [{"type": "Feature", "properties": {"name": "Arapahoe"}, "geometry": {"type": "MultiPolygon", "coordinates": [[[[-104.904032, 39.624116], [-104.903917, 39.626829], [-104.903787, 39.626828], [-104.903285, 39.625954], [-104.902796, 39.624304], [-104.902904, 39.624181], [-104.904032, 39.624116]]], [[[-105.05414, 39.566088], [-105.053939, 39.574988], [-105.054033, 39.578454], [-105.053695, 39.595611], [-105.053653, 39.6159], [-105.053483, 39.624253], [-105.053287, 39.627265], [-105.05333, 39.627989], [-105.05344, 39.627901], [-105.05341, 39.631504], [-105.044139, 39.631456], [-105.044161, 39.628039], [-105.042807, 39.627579], [-105.042301, 39.628036], [-105.041744, 39.627672], [-105.041356, 39.628026], [-105.040936, 39.627749], [-105.040654, 39.628009], [-105.040279, 39.627758], [-105.040062, 39.628061], [-105.038005, 39.626836], [-105.036802, 39.628129], [-105.035813, 39.627838], [-105.034822, 39.627809], [-105.034821, 39.628176], [-105.03342, 39.628179], [-105.031101, 39.627791], [-105.02932, 39.627792], [-105.027179, 39.628412], [-105.025422, 39.628558], [-105.02536, 39.631445], [-105.026942, 39.631563], [-105.028895, 39.632343], [-105.029656, 39.632367], [-105.030059, 39.633183], [-105.034756, 39.633177], [-105.034707, 39.638593], [-105.029998, 39.638575], [-105.029927, 39.640176], [-105.02998, 39.642819], [-105.032797, 39.642808], [-105.032729, 39.643674], [-105.03466, 39.643711], [-105.034615, 39.653276], [-105.032162, 39.653276], [-105.032089, 39.655905], [-105.032393, 39.656506], [-105.033076, 39.656954], [-105.023003, 39.656804], [-105.022982, 39.660496], [-105.0158, 39.660508], [-105.015696, 39.678684], [-105.008664, 39.678627], [-105.008637, 39.67678], [-105.006357, 39.676759], [-105.006321, 39.6677], [-105.007752, 39.664605], [-105.010941, 39.660507], [-105.004395, 39.660484], [-105.004626, 39.660802], [-105.00484, 39.661672], [-105.004886, 39.663685], [-105.00407, 39.665527], [-105.003969, 39.666255], [-105.003578, 39.666611], [-105.000355, 39.667728], [-104.973486, 39.667684], [-104.973489, 39.665866], [-104.968805, 39.665839], [-104.968785, 39.660417], [-104.963084, 39.660371], [-104.96307, 39.661559], [-104.959443, 39.661526], [-104.959485, 39.656691], [-104.953788, 39.656683], [-104.953541, 39.655957], [-104.954375, 39.655886], [-104.954983, 39.652987], [-104.931703, 39.653044], [-104.931873, 39.645826], [-104.92246, 39.645849], [-104.913227, 39.638669], [-104.913407, 39.624083], [-104.885264, 39.624129], [-104.88512, 39.638948], [-104.880332, 39.64131], [-104.880313, 39.645902], [-104.880086, 39.650773], [-104.88014, 39.653057], [-104.877, 39.65305], [-104.875454, 39.651466], [-104.875573, 39.64499], [-104.872921, 39.645854], [-104.871188, 39.646229], [-104.870048, 39.646284], [-104.868196, 39.647068], [-104.85405, 39.65515], [-104.852312, 39.655768], [-104.848621, 39.656595], [-104.847296, 39.657102], [-104.8486, 39.657096], [-104.848678, 39.659218], [-104.853367, 39.65998], [-104.855437, 39.660804], [-104.855894, 39.660482], [-104.856441, 39.66034], [-104.866334, 39.660309], [-104.866203, 39.661762], [-104.866051, 39.670847], [-104.870882, 39.674764], [-104.875291, 39.674766], [-104.875312, 39.672062], [-104.877459, 39.672066], [-104.876355, 39.671095], [-104.87538, 39.668651], [-104.875543, 39.664888], [-104.875793, 39.664305], [-104.876211, 39.663932], [-104.879525, 39.663927], [-104.885164, 39.667566], [-104.890458, 39.667578], [-104.889668, 39.666285], [-104.88904, 39.665775], [-104.888352, 39.665674], [-104.890204, 39.66451], [-104.894024, 39.667589], [-104.903509, 39.667624], [-104.903579, 39.676675], [-104.905056, 39.678032], [-104.906984, 39.678796], [-104.906982, 39.679737], [-104.908094, 39.679726], [-104.908096, 39.680306], [-104.904591, 39.680318], [-104.904597, 39.683868], [-104.905191, 39.683862], [-104.905223, 39.686058], [-104.903443, 39.684857], [-104.90344, 39.678598], [-104.894058, 39.678448], [-104.894046, 39.682061], [-104.889308, 39.682056], [-104.889328, 39.685684], [-104.894058, 39.685694], [-104.894176, 39.69296], [-104.898801, 39.692975], [-104.898796, 39.691387], [-104.898128, 39.690697], [-104.898784, 39.690702], [-104.89881, 39.689341], [-104.903512, 39.689354], [-104.903511, 39.69297], [-104.900115, 39.692985], [-104.903507, 39.696622], [-104.903544, 39.698535], [-104.899757, 39.69715], [-104.900379, 39.69655], [-104.899642, 39.69576], [-104.899426, 39.695748], [-104.899099, 39.695395], [-104.896814, 39.696588], [-104.894766, 39.696597], [-104.894766, 39.69587], [-104.894092, 39.695868], [-104.894099, 39.696596], [-104.87772, 39.696508], [-104.877728, 39.698438], [-104.875318, 39.698438], [-104.875309, 39.696505], [-104.865962, 39.696559], [-104.865964, 39.699279], [-104.867133, 39.69928], [-104.867136, 39.700188], [-104.868309, 39.700192], [-104.868301, 39.698371], [-104.870662, 39.698377], [-104.870648, 39.700535], [-104.869393, 39.701089], [-104.869426, 39.701319], [-104.868662, 39.703008], [-104.865967, 39.703807], [-104.865971, 39.711053], [-104.870625, 39.710174], [-104.870596, 39.718176], [-104.87432, 39.718201], [-104.874947, 39.71845], [-104.875277, 39.718805], [-104.87533, 39.725576], [-104.87999, 39.725604], [-104.88117, 39.725341], [-104.881934, 39.72496], [-104.884732, 39.727887], [-104.886613, 39.729219], [-104.885248, 39.730086], [-104.884711, 39.73093], [-104.884646, 39.740156], [-104.841296, 39.740309], [-104.820771, 39.740308], [-104.810127, 39.740141], [-104.801466, 39.740286], [-104.735645, 39.740254], [-104.732787, 39.74073], [-104.73132, 39.740835], [-104.726715, 39.740294], [-104.710667, 39.740255], [-104.710633, 39.740124], [-104.678305, 39.739995], [-104.678302, 39.740188], [-104.667913, 39.740226], [-104.66027, 39.740482], [-104.658013, 39.740387], [-104.652803, 39.739778], [-104.644152, 39.73972], [-104.641525, 39.739848], [-104.638699, 39.739488], [-104.636401, 39.739673], [-104.630422, 39.7395], [-104.627962, 39.739906], [-104.624643, 39.740077], [-104.599112, 39.739849], [-104.558884, 39.73933], [-104.507378, 39.73825], [-104.409673, 39.738109], [-104.404938, 39.738002], [-104.340209, 39.738247], [-104.264987, 39.738877], [-104.209511, 39.739018], [-104.115069, 39.739774], [-103.977636, 39.740267], [-103.974341, 39.739984], [-103.972303, 39.740401], [-103.965516, 39.740518], [-103.919288, 39.74067], [-103.866063, 39.740236], [-103.800199, 39.740201], [-103.793957, 39.740045], [-103.723936, 39.739785], [-103.706547, 39.739894], [-103.706674, 39.725441], [-103.706613, 39.624985], [-103.707072, 39.566295], [-103.751925, 39.566561], [-103.875512, 39.566623], [-103.908561, 39.566358], [-103.950395, 39.56623], [-103.978639, 39.56636], [-103.985114, 39.566312], [-103.986976, 39.566151], [-104.014352, 39.565999], [-104.05657, 39.565954], [-104.125515, 39.565474], [-104.244157, 39.565025], [-104.264823, 39.564718], [-104.287608, 39.564717], [-104.32345, 39.564386], [-104.34753, 39.564414], [-104.363794, 39.564291], [-104.37598, 39.563949], [-104.381131, 39.564097], [-104.427452, 39.563601], [-104.447704, 39.563741], [-104.460266, 39.564004], [-104.469223, 39.563945], [-104.47301, 39.564097], [-104.498314, 39.564143], [-104.604444, 39.565909], [-104.707024, 39.565897], [-104.707023, 39.565988], [-104.707781, 39.565988], [-104.707777, 39.565897], [-104.739128, 39.565888], [-104.860665, 39.56605], [-104.882385, 39.56595], [-105.035561, 39.566193], [-105.05414, 39.566088]]], [[[-104.902671, 39.685712], [-104.898786, 39.685704], [-104.898783, 39.683402], [-104.90115, 39.684809], [-104.902671, 39.685712]]], [[[-104.911032, 39.682073], [-104.908205, 39.68207], [-104.908203, 39.679883], [-104.91104, 39.679887], [-104.911032, 39.682073]]], [[[-104.92931, 39.702037], [-104.929053, 39.701949], [-104.928299, 39.701274], [-104.929313, 39.701272], [-104.92931, 39.702037]]], [[[-104.930242, 39.674832], [-104.927576, 39.674826], [-104.927582, 39.675273], [-104.925725, 39.675281], [-104.925746, 39.676641], [-104.925286, 39.676641], [-104.925283, 39.676353], [-104.924754, 39.676353], [-104.924759, 39.676153], [-104.924464, 39.676207], [-104.924465, 39.676648], [-104.92343, 39.676645], [-104.923414, 39.675475], [-104.922866, 39.675704], [-104.922353, 39.675665], [-104.922253, 39.675616], [-104.92225, 39.674833], [-104.921047, 39.674836], [-104.92105, 39.674562], [-104.920487, 39.674141], [-104.919298, 39.673917], [-104.917559, 39.672983], [-104.917544, 39.66758], [-104.916378, 39.667585], [-104.916389, 39.666154], [-104.91595, 39.666152], [-104.915939, 39.663471], [-104.915039, 39.66314], [-104.91297, 39.663133], [-104.912985, 39.656209], [-104.91525, 39.656173], [-104.915771, 39.65635], [-104.915863, 39.656048], [-104.916572, 39.656119], [-104.915896, 39.657149], [-104.915513, 39.657136], [-104.915513, 39.657519], [-104.916031, 39.657508], [-104.916253, 39.658088], [-104.915898, 39.658508], [-104.916863, 39.658795], [-104.916757, 39.65901], [-104.917812, 39.659314], [-104.917893, 39.659149], [-104.918247, 39.659347], [-104.918614, 39.659922], [-104.918885, 39.659921], [-104.918875, 39.660338], [-104.921016, 39.660338], [-104.921866, 39.662249], [-104.921572, 39.662552], [-104.921547, 39.662847], [-104.92224, 39.66376], [-104.922221, 39.666947], [-104.920579, 39.666935], [-104.920307, 39.667115], [-104.921008, 39.667778], [-104.920572, 39.668035], [-104.920702, 39.668168], [-104.921425, 39.66776], [-104.921277, 39.667579], [-104.92266, 39.667578], [-104.922669, 39.667843], [-104.924712, 39.668429], [-104.925086, 39.668977], [-104.924941, 39.669304], [-104.926429, 39.669394], [-104.930242, 39.674832]]], [[[-104.933885, 39.673347], [-104.931641, 39.673374], [-104.931633, 39.672808], [-104.930776, 39.672809], [-104.93078, 39.672387], [-104.929651, 39.672382], [-104.927201, 39.668965], [-104.928081, 39.668966], [-104.928073, 39.669374], [-104.929257, 39.66938], [-104.929256, 39.668481], [-104.930497, 39.668485], [-104.930436, 39.667471], [-104.931622, 39.667473], [-104.931695, 39.670564], [-104.933028, 39.670555], [-104.933031, 39.671193], [-104.933878, 39.671192], [-104.933885, 39.673347]]], [[[-104.940729, 39.697724], [-104.940684, 39.711076], [-104.931648, 39.711098], [-104.93157, 39.709096], [-104.92958, 39.708587], [-104.92959, 39.706414], [-104.929119, 39.70641], [-104.929118, 39.706787], [-104.926963, 39.706699], [-104.926991, 39.703857], [-104.931705, 39.703858], [-104.931712, 39.702057], [-104.932869, 39.702048], [-104.932842, 39.703615], [-104.933189, 39.703768], [-104.934171, 39.703771], [-104.934143, 39.70132], [-104.932873, 39.701321], [-104.932831, 39.700286], [-104.928778, 39.70022], [-104.928778, 39.698427], [-104.928185, 39.698428], [-104.928183, 39.696634], [-104.935868, 39.696599], [-104.935858, 39.697854], [-104.936457, 39.697853], [-104.93645, 39.696601], [-104.936233, 39.696599], [-104.936213, 39.694782], [-104.939505, 39.694762], [-104.939498, 39.695405], [-104.940625, 39.6954], [-104.940612, 39.69657], [-104.93853, 39.696605], [-104.938538, 39.697928], [-104.94, 39.697921], [-104.94, 39.697723], [-104.940729, 39.697724]], [[-104.934135, 39.700144], [-104.934076, 39.698436], [-104.931651, 39.698398], [-104.931714, 39.700208], [-104.934135, 39.700144]]]]}}, {"type": "Feature", "properties": {"name": "Larimer"}, "geometry": {"type": "Polygon", "coordinates": [[[-105.237319, 40.261895], [-105.260051, 40.262385], [-105.289445, 40.262785], [-105.336248, 40.261685], [-105.354747, 40.261784], [-105.375226, 40.261291], [-105.390996, 40.257884], [-105.402349, 40.257784], [-105.432552, 40.258384], [-105.462752, 40.259384], [-105.495321, 40.259726], [-105.500481, 40.260277], [-105.535354, 40.261284], [-105.537789, 40.261191], [-105.551586, 40.261478], [-105.559585, 40.261531], [-105.581055, 40.261299], [-105.609395, 40.260683], [-105.653321, 40.260457], [-105.65417, 40.261342], [-105.655677, 40.261743], [-105.657235, 40.262886], [-105.658124, 40.263317], [-105.66072, 40.264228], [-105.662378, 40.264124], [-105.662567, 40.264214], [-105.663832, 40.265071], [-105.664414, 40.265631], [-105.665236, 40.266894], [-105.66588, 40.267133], [-105.667909, 40.267718], [-105.669187, 40.267568], [-105.66989, 40.267705], [-105.670343, 40.268], [-105.672055, 40.268101], [-105.67496, 40.267321], [-105.67559, 40.267267], [-105.678187, 40.26812], [-105.678496, 40.269204], [-105.678903, 40.269869], [-105.680429, 40.271338], [-105.681508, 40.271684], [-105.682428, 40.2728], [-105.68171, 40.273788], [-105.680694, 40.274291], [-105.680347, 40.274668], [-105.680627, 40.276541], [-105.681242, 40.277495], [-105.681469, 40.279046], [-105.681259, 40.279103], [-105.680143, 40.27851], [-105.679591, 40.278549], [-105.679342, 40.278664], [-105.679262, 40.278912], [-105.679782, 40.279909], [-105.68068, 40.282576], [-105.680732, 40.282927], [-105.68049, 40.283962], [-105.680579, 40.28446], [-105.681239, 40.284889], [-105.681829, 40.284952], [-105.683022, 40.285443], [-105.685565, 40.286743], [-105.686346, 40.287486], [-105.686488, 40.28829], [-105.686403, 40.288918], [-105.685398, 40.290079], [-105.68365, 40.29119], [-105.681165, 40.291945], [-105.681848, 40.292155], [-105.684758, 40.292383], [-105.686578, 40.292981], [-105.687368, 40.293733], [-105.687751, 40.296366], [-105.688272, 40.297334], [-105.688248, 40.297714], [-105.686689, 40.30039], [-105.685772, 40.302554], [-105.685761, 40.302925], [-105.689295, 40.303479], [-105.690989, 40.304939], [-105.691278, 40.306164], [-105.690897, 40.307154], [-105.690001, 40.308387], [-105.69014, 40.308648], [-105.690763, 40.309028], [-105.691863, 40.309373], [-105.693978, 40.309243], [-105.694834, 40.309323], [-105.695758, 40.310002], [-105.69617, 40.310517], [-105.69706, 40.310933], [-105.697764, 40.310939], [-105.69935, 40.310483], [-105.700398, 40.310462], [-105.700909, 40.310715], [-105.702109, 40.312083], [-105.702235, 40.31261], [-105.701865, 40.313294], [-105.701507, 40.314445], [-105.700889, 40.315098], [-105.700167, 40.316364], [-105.697648, 40.318273], [-105.697678, 40.318872], [-105.698157, 40.320045], [-105.698719, 40.32078], [-105.699514, 40.321136], [-105.700618, 40.321174], [-105.70202, 40.321711], [-105.70235, 40.322649], [-105.70168, 40.324309], [-105.703275, 40.324673], [-105.704948, 40.324861], [-105.711189, 40.325261], [-105.713127, 40.325568], [-105.721438, 40.332018], [-105.722329, 40.332347], [-105.723603, 40.332444], [-105.724533, 40.3327], [-105.726503, 40.333504], [-105.727372, 40.333979], [-105.729088, 40.335278], [-105.729231, 40.335922], [-105.728786, 40.337935], [-105.72965, 40.338804], [-105.729944, 40.339624], [-105.733108, 40.340774], [-105.734315, 40.341675], [-105.735441, 40.342984], [-105.736444, 40.344906], [-105.736491, 40.345666], [-105.73627, 40.346497], [-105.736345, 40.346615], [-105.737753, 40.34667], [-105.739613, 40.347108], [-105.741561, 40.348161], [-105.742049, 40.348647], [-105.742269, 40.349277], [-105.745007, 40.348158], [-105.747757, 40.347508], [-105.748269, 40.347731], [-105.748645, 40.348085], [-105.752383, 40.349093], [-105.752873, 40.350846], [-105.753299, 40.351421], [-105.753782, 40.35152], [-105.755163, 40.351253], [-105.756225, 40.351355], [-105.757117, 40.35165], [-105.757816, 40.35238], [-105.758289, 40.352399], [-105.758896, 40.352878], [-105.759271, 40.353307], [-105.759435, 40.353752], [-105.759765, 40.355779], [-105.760225, 40.356176], [-105.762399, 40.356792], [-105.762712, 40.357076], [-105.763028, 40.357118], [-105.764017, 40.358382], [-105.764252, 40.359133], [-105.764441, 40.359263], [-105.765663, 40.359156], [-105.766335, 40.359273], [-105.767699, 40.359764], [-105.768335, 40.360469], [-105.768322, 40.362082], [-105.768901, 40.363295], [-105.769133, 40.364474], [-105.769469, 40.364597], [-105.770407, 40.36436], [-105.772596, 40.364411], [-105.773519, 40.364779], [-105.774105, 40.365233], [-105.774258, 40.365791], [-105.774219, 40.366759], [-105.774791, 40.367552], [-105.77593, 40.368494], [-105.776437, 40.369545], [-105.777349, 40.370001], [-105.778256, 40.371087], [-105.780142, 40.372104], [-105.78195, 40.373759], [-105.782217, 40.374511], [-105.782215, 40.374737], [-105.782003, 40.374984], [-105.782129, 40.375188], [-105.781464, 40.375551], [-105.78182, 40.37699], [-105.784997, 40.379715], [-105.78566, 40.37995], [-105.78725, 40.380872], [-105.787511, 40.382019], [-105.788257, 40.383078], [-105.788561, 40.384282], [-105.789045, 40.384848], [-105.790729, 40.386263], [-105.791232, 40.387863], [-105.790545, 40.38964], [-105.790838, 40.390876], [-105.791035, 40.392783], [-105.79155, 40.393656], [-105.791664, 40.394335], [-105.791588, 40.396177], [-105.791069, 40.39759], [-105.790951, 40.39864], [-105.791709, 40.399723], [-105.793815, 40.4008], [-105.794182, 40.401882], [-105.796329, 40.403806], [-105.797328, 40.405042], [-105.798265, 40.405835], [-105.800423, 40.407218], [-105.80117, 40.408422], [-105.801294, 40.410175], [-105.802009, 40.410911], [-105.803621, 40.411728], [-105.808265, 40.414954], [-105.811126, 40.419399], [-105.8118, 40.41982], [-105.813317, 40.420273], [-105.81534, 40.421486], [-105.815792, 40.422076], [-105.816128, 40.423538], [-105.816423, 40.423991], [-105.817266, 40.424323], [-105.817231, 40.426488], [-105.816155, 40.426972], [-105.816007, 40.427521], [-105.815248, 40.427804], [-105.814456, 40.428522], [-105.814307, 40.429459], [-105.814696, 40.430712], [-105.814337, 40.431334], [-105.814557, 40.432085], [-105.81543, 40.433968], [-105.816366, 40.435519], [-105.815974, 40.437208], [-105.815784, 40.437434], [-105.814339, 40.438128], [-105.813019, 40.439161], [-105.812406, 40.440631], [-105.812056, 40.442328], [-105.811728, 40.442853], [-105.810399, 40.443231], [-105.809354, 40.44412], [-105.807813, 40.44504], [-105.806557, 40.446202], [-105.805775, 40.447333], [-105.80569, 40.447882], [-105.806467, 40.449781], [-105.807226, 40.450662], [-105.807488, 40.451357], [-105.807614, 40.452262], [-105.805762, 40.45689], [-105.805929, 40.457876], [-105.805136, 40.459233], [-105.804859, 40.461454], [-105.804449, 40.462965], [-105.804479, 40.464224], [-105.805691, 40.4665], [-105.80818, 40.468868], [-105.810837, 40.470531], [-105.811049, 40.470942], [-105.810669, 40.471087], [-105.808865, 40.471078], [-105.808316, 40.471442], [-105.807861, 40.472241], [-105.807133, 40.47241], [-105.80671, 40.473081], [-105.806793, 40.473913], [-105.807341, 40.474527], [-105.808543, 40.475061], [-105.811053, 40.475773], [-105.812793, 40.475855], [-105.81542, 40.475339], [-105.820114, 40.475972], [-105.824729, 40.477641], [-105.827956, 40.478289], [-105.830608, 40.479568], [-105.832962, 40.479989], [-105.834605, 40.479869], [-105.835479, 40.480544], [-105.837094, 40.482421], [-105.837823, 40.483033], [-105.839416, 40.483008], [-105.841082, 40.483618], [-105.843064, 40.482994], [-105.845662, 40.482651], [-105.846967, 40.482791], [-105.847308, 40.483931], [-105.854926, 40.486252], [-105.855822, 40.487738], [-105.856105, 40.490412], [-105.855787, 40.492682], [-105.855206, 40.494363], [-105.854773, 40.495106], [-105.853464, 40.495946], [-105.852681, 40.496697], [-105.852026, 40.497569], [-105.851793, 40.498474], [-105.85193, 40.499476], [-105.851755, 40.500475], [-105.852297, 40.503534], [-105.852303, 40.506553], [-105.852618, 40.506997], [-105.854732, 40.507789], [-105.857058, 40.507856], [-105.858203, 40.509629], [-105.860621, 40.511549], [-105.860798, 40.512547], [-105.8619, 40.514449], [-105.863109, 40.515521], [-105.864266, 40.515974], [-105.864781, 40.516506], [-105.866369, 40.517257], [-105.866809, 40.518755], [-105.867513, 40.519714], [-105.869091, 40.520738], [-105.871805, 40.521748], [-105.874584, 40.521864], [-105.875567, 40.522218], [-105.878048, 40.522465], [-105.879041, 40.523174], [-105.880086, 40.523269], [-105.881954, 40.522853], [-105.882882, 40.522052], [-105.883852, 40.521751], [-105.887748, 40.521243], [-105.891104, 40.521003], [-105.894576, 40.520196], [-105.899111, 40.518225], [-105.904507, 40.514119], [-105.907857, 40.515493], [-105.908322, 40.516074], [-105.908725, 40.516945], [-105.91078, 40.520179], [-105.911269, 40.521438], [-105.911175, 40.522181], [-105.909764, 40.523452], [-105.907868, 40.52621], [-105.907091, 40.527843], [-105.905914, 40.530519], [-105.905655, 40.532829], [-105.90509, 40.535285], [-105.905165, 40.535987], [-105.905537, 40.53702], [-105.906438, 40.538739], [-105.90715, 40.540578], [-105.907049, 40.542888], [-105.907843, 40.54371], [-105.909577, 40.544982], [-105.90923, 40.545459], [-105.909232, 40.546202], [-105.90955, 40.546758], [-105.90951, 40.54793], [-105.910613, 40.549962], [-105.911833, 40.552688], [-105.911877, 40.553585], [-105.911257, 40.554579], [-105.910818, 40.556712], [-105.909914, 40.558806], [-105.910076, 40.560607], [-105.909784, 40.562134], [-105.910094, 40.563838], [-105.910645, 40.564733], [-105.910892, 40.56642], [-105.911454, 40.567226], [-105.912417, 40.568072], [-105.91321, 40.568313], [-105.914694, 40.570636], [-105.918444, 40.5707], [-105.919809, 40.571416], [-105.921248, 40.572559], [-105.922266, 40.574237], [-105.922384, 40.574778], [-105.922248, 40.575303], [-105.923425, 40.577037], [-105.923861, 40.578182], [-105.924096, 40.579296], [-105.924977, 40.580934], [-105.924693, 40.581782], [-105.924388, 40.582146], [-105.924496, 40.583253], [-105.925315, 40.585326], [-105.925775, 40.587707], [-105.926624, 40.589175], [-105.926543, 40.590589], [-105.927697, 40.591709], [-105.928049, 40.593024], [-105.927966, 40.593501], [-105.928116, 40.594163], [-105.927705, 40.594923], [-105.927643, 40.595533], [-105.927826, 40.596861], [-105.928221, 40.598305], [-105.92813, 40.600058], [-105.928576, 40.600896], [-105.929, 40.601202], [-105.929054, 40.601767], [-105.928823, 40.602292], [-105.928953, 40.603794], [-105.929579, 40.604713], [-105.929888, 40.605754], [-105.930207, 40.60619], [-105.931147, 40.606075], [-105.932976, 40.606377], [-105.934711, 40.60643], [-105.937019, 40.607942], [-105.938681, 40.608811], [-105.940002, 40.608711], [-105.942064, 40.609077], [-105.944047, 40.611277], [-105.944535, 40.612092], [-105.944739, 40.613197], [-105.944742, 40.614231], [-105.946586, 40.616028], [-105.947021, 40.616689], [-105.947002, 40.617367], [-105.945425, 40.620375], [-105.945016, 40.621854], [-105.945495, 40.622741], [-105.946415, 40.623159], [-105.947199, 40.623746], [-105.949261, 40.62732], [-105.949358, 40.628086], [-105.948667, 40.630185], [-105.948573, 40.633678], [-105.948449, 40.634388], [-105.948144, 40.635034], [-105.948062, 40.635986], [-105.948325, 40.641745], [-105.948485, 40.642318], [-105.949153, 40.642776], [-105.950816, 40.643289], [-105.951102, 40.64349], [-105.951009, 40.644015], [-105.950556, 40.644637], [-105.950622, 40.645346], [-105.951079, 40.645878], [-105.953844, 40.646977], [-105.954427, 40.647444], [-105.95462, 40.648072], [-105.954765, 40.65021], [-105.95599, 40.652595], [-105.956513, 40.653892], [-105.956686, 40.654964], [-105.95649, 40.656666], [-105.955821, 40.658854], [-105.957838, 40.660874], [-105.958639, 40.66301], [-105.959541, 40.663549], [-105.962292, 40.666584], [-105.964625, 40.667732], [-105.965039, 40.668207], [-105.965217, 40.670514], [-105.96507, 40.670958], [-105.965114, 40.671418], [-105.96589, 40.672279], [-105.966455, 40.673455], [-105.966664, 40.675681], [-105.967133, 40.676471], [-105.967749, 40.67705], [-105.968565, 40.677258], [-105.969392, 40.67774], [-105.970638, 40.679891], [-105.971393, 40.680769], [-105.971873, 40.681856], [-105.971824, 40.682792], [-105.971109, 40.684036], [-105.970127, 40.684716], [-105.969928, 40.685394], [-105.970026, 40.686265], [-105.970409, 40.686764], [-105.971937, 40.687664], [-105.972957, 40.688598], [-105.973584, 40.689274], [-105.973958, 40.690144], [-105.97376, 40.691129], [-105.972782, 40.69276], [-105.972341, 40.693786], [-105.972196, 40.694811], [-105.972591, 40.695624], [-105.973473, 40.696574], [-105.975604, 40.70003], [-105.976533, 40.702093], [-105.977085, 40.702648], [-105.979417, 40.70328], [-105.980521, 40.703842], [-105.981361, 40.704832], [-105.981577, 40.705896], [-105.982448, 40.706692], [-105.983445, 40.707069], [-105.984472, 40.70705], [-105.986021, 40.707627], [-105.987592, 40.708623], [-105.988739, 40.709605], [-105.989081, 40.71033], [-105.989032, 40.711209], [-105.989763, 40.713982], [-105.989576, 40.714975], [-105.989581, 40.716145], [-105.990077, 40.718313], [-105.989772, 40.719016], [-105.988391, 40.720705], [-105.988079, 40.721368], [-105.988501, 40.721736], [-105.988592, 40.722605], [-105.988833, 40.723063], [-105.989284, 40.72352], [-105.990518, 40.724275], [-105.990939, 40.724801], [-105.99097, 40.726036], [-105.99055, 40.726677], [-105.99058, 40.72718], [-105.991363, 40.727889], [-105.991513, 40.728324], [-105.991965, 40.728919], [-105.993289, 40.729902], [-105.994433, 40.731114], [-105.994494, 40.731755], [-105.994825, 40.732143], [-105.99627, 40.733126], [-105.997624, 40.733835], [-105.998677, 40.734223], [-106.000569, 40.734337], [-106.004026, 40.736794], [-106.004941, 40.737281], [-106.006008, 40.737619], [-106.006459, 40.73863], [-106.007358, 40.738871], [-106.008526, 40.740178], [-106.009535, 40.740162], [-106.010544, 40.740798], [-106.0107, 40.741041], [-106.010674, 40.741299], [-106.01036, 40.742401], [-106.011747, 40.743338], [-106.012213, 40.743406], [-106.012215, 40.743946], [-106.01269, 40.74549], [-106.013408, 40.745737], [-106.013978, 40.746644], [-106.014369, 40.748106], [-106.014351, 40.748606], [-106.014638, 40.749358], [-106.015426, 40.750312], [-106.015447, 40.750603], [-106.014831, 40.751378], [-106.015266, 40.752816], [-106.015957, 40.753123], [-106.018325, 40.753704], [-106.018888, 40.754003], [-106.022255, 40.754689], [-106.02234, 40.755173], [-106.021915, 40.756062], [-106.020651, 40.757201], [-106.020673, 40.758429], [-106.021225, 40.75855], [-106.023254, 40.760844], [-106.02388, 40.761328], [-106.023966, 40.761781], [-106.023668, 40.761878], [-106.02335, 40.763534], [-106.023499, 40.764349], [-106.024423, 40.765504], [-106.024221, 40.765989], [-106.024338, 40.766296], [-106.02523, 40.766797], [-106.025921, 40.767516], [-106.026388, 40.767669], [-106.026622, 40.767952], [-106.026643, 40.768315], [-106.025762, 40.769252], [-106.024488, 40.771264], [-106.025316, 40.771902], [-106.026325, 40.772168], [-106.026835, 40.772507], [-106.028673, 40.772919], [-106.029247, 40.773436], [-106.029502, 40.774098], [-106.029566, 40.775068], [-106.029365, 40.77573], [-106.028855, 40.776578], [-106.028908, 40.777515], [-106.029567, 40.777903], [-106.030778, 40.777612], [-106.031033, 40.77787], [-106.030375, 40.779106], [-106.030258, 40.780173], [-106.029982, 40.780722], [-106.029525, 40.781174], [-106.029685, 40.781562], [-106.031236, 40.782281], [-106.031332, 40.783072], [-106.03197, 40.783767], [-106.034573, 40.785285], [-106.035211, 40.785551], [-106.036794, 40.785389], [-106.037485, 40.785664], [-106.039652, 40.78576], [-106.040067, 40.786237], [-106.041258, 40.788434], [-106.042235, 40.789168], [-106.04281, 40.79013], [-106.043586, 40.790485], [-106.044308, 40.790581], [-106.045371, 40.791857], [-106.045393, 40.792843], [-106.04601, 40.794289], [-106.046053, 40.795541], [-106.045979, 40.796373], [-106.045778, 40.796809], [-106.044896, 40.797682], [-106.045024, 40.798263], [-106.046694, 40.800791], [-106.046853, 40.801582], [-106.046471, 40.802447], [-106.046737, 40.80302], [-106.047971, 40.804643], [-106.048651, 40.805079], [-106.049587, 40.805507], [-106.051659, 40.805434], [-106.05235, 40.805862], [-106.052308, 40.806257], [-106.051671, 40.80713], [-106.051395, 40.808269], [-106.051502, 40.809141], [-106.052076, 40.809812], [-106.053288, 40.810417], [-106.053342, 40.811403], [-106.053661, 40.811685], [-106.05363, 40.812315], [-106.053779, 40.812662], [-106.054566, 40.813325], [-106.055097, 40.813631], [-106.056362, 40.81351], [-106.056798, 40.8138], [-106.056947, 40.814131], [-106.057798, 40.814438], [-106.057936, 40.814809], [-106.057715, 40.81712], [-106.059778, 40.818024], [-106.060661, 40.818597], [-106.061076, 40.819105], [-106.062533, 40.819509], [-106.063767, 40.820421], [-106.064256, 40.82122], [-106.064831, 40.821567], [-106.065692, 40.821518], [-106.067404, 40.821792], [-106.068435, 40.822196], [-106.069668, 40.822106], [-106.071316, 40.822331], [-106.072902, 40.824083], [-106.073125, 40.824633], [-106.075306, 40.825609], [-106.075742, 40.826142], [-106.076392, 40.827925], [-106.076871, 40.82841], [-106.077828, 40.828498], [-106.078467, 40.829314], [-106.079584, 40.830242], [-106.080861, 40.830903], [-106.081892, 40.831169], [-106.083221, 40.831177], [-106.083977, 40.831483], [-106.084913, 40.832169], [-106.086285, 40.83262], [-106.087914, 40.833403], [-106.088447, 40.83455], [-106.08833, 40.835785], [-106.088596, 40.836133], [-106.090502, 40.837181], [-106.091077, 40.837884], [-106.091461, 40.838707], [-106.092494, 40.839781], [-106.092377, 40.840322], [-106.092452, 40.840702], [-106.093984, 40.841032], [-106.095537, 40.841645], [-106.09878, 40.841699], [-106.099696, 40.842094], [-106.100132, 40.842796], [-106.101261, 40.843563], [-106.100847, 40.844048], [-106.10056, 40.844742], [-106.100138, 40.84698], [-106.098991, 40.848047], [-106.098545, 40.848847], [-106.098515, 40.849736], [-106.099259, 40.850083], [-106.10026, 40.851092], [-106.102442, 40.852334], [-106.104229, 40.851985], [-106.107494, 40.852079], [-106.108132, 40.852232], [-106.10774, 40.853024], [-106.106284, 40.854075], [-106.105637, 40.85536], [-106.104897, 40.857946], [-106.104281, 40.859263], [-106.104357, 40.859788], [-106.104698, 40.860329], [-106.1064, 40.86078], [-106.107763, 40.861368], [-106.107902, 40.86203], [-106.107753, 40.862305], [-106.107967, 40.862911], [-106.108404, 40.863258], [-106.113192, 40.864279], [-106.114118, 40.864933], [-106.11464, 40.865013], [-106.115087, 40.865295], [-106.115759, 40.866135], [-106.116536, 40.866441], [-106.117855, 40.866359], [-106.118971, 40.865776], [-106.119397, 40.866067], [-106.120015, 40.867124], [-106.120803, 40.867632], [-106.122549, 40.867364], [-106.123176, 40.867501], [-106.124263, 40.868251], [-106.124647, 40.868808], [-106.126893, 40.869556], [-106.127329, 40.870364], [-106.12735, 40.871179], [-106.127691, 40.871785], [-106.130671, 40.873868], [-106.130915, 40.874748], [-106.131325, 40.874976], [-106.131694, 40.875697], [-106.13216, 40.876093], [-106.132425, 40.876553], [-106.132222, 40.876803], [-106.130713, 40.877576], [-106.12998, 40.878213], [-106.129606, 40.879164], [-106.128967, 40.880011], [-106.128251, 40.882002], [-106.127618, 40.88489], [-106.128164, 40.887021], [-106.128694, 40.887441], [-106.129043, 40.887942], [-106.12919, 40.888498], [-106.128987, 40.889281], [-106.130109, 40.890629], [-106.130224, 40.891073], [-106.130563, 40.891509], [-106.130573, 40.891889], [-106.13143, 40.892865], [-106.130918, 40.894212], [-106.130734, 40.895494], [-106.131251, 40.896608], [-106.131622, 40.896972], [-106.132672, 40.897562], [-106.133191, 40.898168], [-106.134102, 40.898709], [-106.136225, 40.899228], [-106.136701, 40.899584], [-106.137018, 40.90052], [-106.136569, 40.90156], [-106.136622, 40.901859], [-106.136908, 40.902028], [-106.137481, 40.902215], [-106.139286, 40.902402], [-106.140336, 40.902831], [-106.141777, 40.903962], [-106.144069, 40.9049], [-106.147053, 40.904524], [-106.147881, 40.904638], [-106.148761, 40.905277], [-106.149513, 40.906116], [-106.150096, 40.906432], [-106.15069, 40.906715], [-106.152198, 40.906789], [-106.153353, 40.907984], [-106.154116, 40.909106], [-106.154593, 40.909421], [-106.155931, 40.909673], [-106.157235, 40.910263], [-106.158551, 40.910619], [-106.15942, 40.911919], [-106.159577, 40.912766], [-106.158949, 40.913839], [-106.158905, 40.914266], [-106.159202, 40.914726], [-106.161166, 40.915107], [-106.161844, 40.915632], [-106.162119, 40.916117], [-106.163044, 40.916727], [-106.166356, 40.917683], [-106.16817, 40.918398], [-106.169051, 40.919207], [-106.169487, 40.920047], [-106.16899, 40.922158], [-106.169084, 40.922868], [-106.169433, 40.923513], [-106.170028, 40.923804], [-106.171737, 40.92412], [-106.173435, 40.924783], [-106.174601, 40.926245], [-106.175893, 40.928254], [-106.177234, 40.929481], [-106.178728, 40.930257], [-106.178989, 40.930765], [-106.179945, 40.931521], [-106.181624, 40.932018], [-106.184022, 40.933472], [-106.185307, 40.933973], [-106.185833, 40.934814], [-106.18617, 40.936727], [-106.186668, 40.93681], [-106.187599, 40.937745], [-106.187157, 40.93934], [-106.187166, 40.940825], [-106.187557, 40.941793], [-106.188077, 40.942519], [-106.188382, 40.944061], [-106.189124, 40.945223], [-106.189293, 40.945893], [-106.189047, 40.94707], [-106.18797, 40.949651], [-106.187651, 40.950166], [-106.18665, 40.951013], [-106.185629, 40.952248], [-106.184978, 40.953167], [-106.184359, 40.954603], [-106.184226, 40.955207], [-106.18449, 40.955621], [-106.184884, 40.956116], [-106.186023, 40.956756], [-106.186829, 40.957425], [-106.187266, 40.958105], [-106.187391, 40.95872], [-106.186838, 40.959888], [-106.185763, 40.960476], [-106.185253, 40.961032], [-106.185527, 40.961936], [-106.184898, 40.963315], [-106.184844, 40.963831], [-106.185673, 40.964187], [-106.186884, 40.964277], [-106.187447, 40.964551], [-106.187701, 40.964906], [-106.186751, 40.968052], [-106.186737, 40.970214], [-106.187097, 40.971167], [-106.18785, 40.971708], [-106.189136, 40.972265], [-106.189422, 40.972516], [-106.190206, 40.974541], [-106.190405, 40.976098], [-106.190041, 40.977905], [-106.19004, 40.97864], [-106.191025, 40.981077], [-106.191534, 40.981964], [-106.192065, 40.982255], [-106.192267, 40.982562], [-106.192139, 40.982836], [-106.190777, 40.983634], [-106.190628, 40.983908], [-106.190553, 40.984255], [-106.191124, 40.98603], [-106.191974, 40.986507], [-106.19494, 40.986936], [-106.195333, 40.987558], [-106.195438, 40.988195], [-106.195372, 40.989938], [-106.194871, 40.991132], [-106.193634, 40.992599], [-106.192357, 40.993688], [-106.191952, 40.994446], [-106.191727, 40.995212], [-106.191758, 40.995874], [-106.191556, 40.996285], [-106.19097, 40.996696], [-106.190554, 40.997578], [-106.061181, 40.996999], [-106.000562, 40.997251], [-105.729406, 40.996822], [-105.500547, 40.997595], [-105.36355, 40.997874], [-105.279398, 40.998196], [-105.275603, 40.998178], [-105.275285, 40.998066], [-105.250537, 40.998257], [-105.250537, 40.998395], [-105.248822, 40.99844], [-105.155054, 40.998247], [-105.077014, 40.998333], [-104.962578, 40.998203], [-104.957689, 40.99822], [-104.957182, 40.998336], [-104.956744, 40.998221], [-104.943371, 40.998213], [-104.943052, 40.910914], [-104.943091, 40.884895], [-104.943211, 40.882264], [-104.943541, 40.826876], [-104.943337, 40.776758], [-104.943464, 40.764939], [-104.943348, 40.746707], [-104.943543, 40.696509], [-104.94311, 40.696495], [-104.943096, 40.69326], [-104.943483, 40.652571], [-104.943949, 40.63496], [-104.944103, 40.598079], [-104.944056, 40.566387], [-104.944248, 40.531735], [-104.944032, 40.488604], [-104.944147, 40.486445], [-104.944222, 40.435894], [-104.944364, 40.417587], [-104.945551, 40.349099], [-105.05672, 40.349281], [-105.055714, 40.339355], [-105.055728, 40.338477], [-105.055399, 40.337356], [-105.055135, 40.335183], [-105.055221, 40.321045], [-105.055376, 40.31908], [-105.055108, 40.310159], [-105.055089, 40.261793], [-105.099937, 40.261484], [-105.100337, 40.261384], [-105.108438, 40.261284], [-105.130179, 40.261584], [-105.130672, 40.261301], [-105.131155, 40.261283], [-105.165171, 40.26114], [-105.167601, 40.261237], [-105.179646, 40.261083], [-105.179925, 40.261244], [-105.180626, 40.261274], [-105.182141, 40.261084], [-105.194782, 40.261085], [-105.195351, 40.261367], [-105.196476, 40.261085], [-105.197741, 40.261085], [-105.213119, 40.261185], [-105.226442, 40.261485], [-105.237319, 40.261895]]]}}, {"type": "Feature", "properties": {"name": "Broomfield"}, "geometry": {"type": "MultiPolygon", "coordinates": [[[[-105.109179, 39.956214], [-105.109179, 39.957103], [-105.106674, 39.95783], [-105.107376, 39.957828], [-105.107365, 39.958101], [-105.103493, 39.958694], [-105.09996, 39.958979], [-105.099965, 39.957855], [-105.091025, 39.957803], [-105.103729, 39.957541], [-105.106729, 39.956951], [-105.109179, 39.956214]]], [[[-105.166056, 39.901768], [-105.165625, 39.901774], [-105.16569, 39.910515], [-105.162493, 39.911369], [-105.158458, 39.911596], [-105.153313, 39.913039], [-105.150446, 39.91324], [-105.148399, 39.91375], [-105.147142, 39.913849], [-105.147041, 39.928938], [-105.137604, 39.928931], [-105.137578, 39.939712], [-105.128165, 39.939618], [-105.128002, 39.954173], [-105.121943, 39.95416], [-105.12116, 39.952138], [-105.11795, 39.953944], [-105.115643, 39.954984], [-105.109517, 39.956996], [-105.109537, 39.956105], [-105.113654, 39.954809], [-105.115972, 39.953907], [-105.120837, 39.951293], [-105.120514, 39.950527], [-105.109333, 39.95064], [-105.109353, 39.943336], [-105.118562, 39.943323], [-105.118619, 39.935681], [-105.118257, 39.935007], [-105.118774, 39.933796], [-105.118657, 39.932965], [-105.114484, 39.930126], [-105.113762, 39.928615], [-105.11184, 39.927081], [-105.109414, 39.925475], [-105.109404, 39.926195], [-105.11106, 39.927191], [-105.111873, 39.92805], [-105.113288, 39.930738], [-105.11345, 39.931514], [-105.113296, 39.932278], [-105.112856, 39.932965], [-105.109235, 39.935408], [-105.109236, 39.936135], [-105.090853, 39.936051], [-105.090813, 39.939249], [-105.090976, 39.939248], [-105.091072, 39.943281], [-105.076637, 39.943329], [-105.076568, 39.950538], [-105.074604, 39.95052], [-105.071899, 39.950198], [-105.072002, 39.95767], [-105.083117, 39.957796], [-105.083118, 39.958269], [-105.084216, 39.95849], [-105.085237, 39.958362], [-105.086693, 39.957913], [-105.088231, 39.957928], [-105.088237, 39.95803], [-105.088695, 39.95803], [-105.088693, 39.958424], [-105.088038, 39.958443], [-105.088031, 39.959753], [-105.087525, 39.959748], [-105.087464, 39.95996], [-105.084581, 39.960336], [-105.08203, 39.96085], [-105.080023, 39.961452], [-105.078632, 39.962182], [-105.076572, 39.963608], [-105.070611, 39.969021], [-105.068065, 39.970932], [-105.065137, 39.972485], [-105.052797, 39.977674], [-105.052823, 40.00026], [-105.046237, 40.000265], [-105.046232, 40.000466], [-105.007906, 40.000483], [-105.007995, 40.007581], [-104.989647, 40.007679], [-104.989614, 40.01489], [-104.999065, 40.014887], [-104.99907, 40.016131], [-104.998111, 40.016984], [-104.99751, 40.018096], [-104.996905, 40.018492], [-104.996313, 40.019196], [-104.995792, 40.020361], [-104.996038, 40.020556], [-104.999013, 40.020627], [-104.999015, 40.020938], [-104.996784, 40.02082], [-104.996742, 40.023509], [-104.999005, 40.023509], [-104.999007, 40.025776], [-104.986543, 40.025799], [-104.9865, 40.029309], [-104.980063, 40.029325], [-104.980041, 40.040316], [-104.979927, 40.040313], [-104.979905, 40.042111], [-104.979242, 40.043758], [-104.978526, 40.043888], [-104.961071, 40.044144], [-104.96132, 40.014982], [-104.961483, 40.014979], [-104.96152, 40.011188], [-104.961538, 40.000404], [-104.961405, 40.000337], [-104.980944, 40.000325], [-104.981607, 39.998657], [-104.986768, 39.989107], [-104.987581, 39.987113], [-104.987746, 39.986483], [-104.987784, 39.975746], [-104.994411, 39.975803], [-104.99438, 39.973953], [-104.99708, 39.973954], [-104.997065, 39.972149], [-104.988108, 39.972175], [-104.988108, 39.968468], [-104.99725, 39.968529], [-104.997379, 39.975785], [-104.998389, 39.975805], [-104.998404, 39.977586], [-104.999474, 39.977582], [-104.999476, 39.978416], [-104.997398, 39.97842], [-104.997423, 39.981213], [-105.015845, 39.981193], [-105.015722, 39.972276], [-105.013409, 39.972265], [-105.013417, 39.970465], [-105.015691, 39.970437], [-105.01568, 39.956665], [-105.015565, 39.955188], [-105.01641, 39.954101], [-105.016856, 39.952842], [-105.01554, 39.951644], [-105.013279, 39.950559], [-105.012533, 39.950344], [-105.010995, 39.951344], [-105.010992, 39.950474], [-105.006298, 39.950439], [-105.006265, 39.946805], [-104.997056, 39.946772], [-104.997025, 39.943239], [-105.015657, 39.943131], [-105.015469, 39.921309], [-105.021536, 39.921359], [-105.021552, 39.919207], [-105.023545, 39.919225], [-105.023548, 39.921317], [-105.0344, 39.921371], [-105.034347, 39.914181], [-105.052971, 39.914224], [-105.052979, 39.913722], [-105.055319, 39.913725], [-105.055294, 39.912426], [-105.057676, 39.912429], [-105.057676, 39.913702], [-105.058864, 39.913687], [-105.058861, 39.912438], [-105.060042, 39.912453], [-105.060042, 39.913977], [-105.062384, 39.913987], [-105.062392, 39.907025], [-105.071775, 39.907018], [-105.071688, 39.899832], [-105.08423, 39.899837], [-105.084285, 39.898957], [-105.090624, 39.898903], [-105.090626, 39.899677], [-105.096692, 39.899788], [-105.096681, 39.900787], [-105.100102, 39.902206], [-105.100641, 39.908638], [-105.102404, 39.90937], [-105.106951, 39.911729], [-105.106033, 39.912768], [-105.106577, 39.913053], [-105.107285, 39.912249], [-105.107553, 39.91239], [-105.108178, 39.91281], [-105.107654, 39.913416], [-105.108609, 39.914137], [-105.147117, 39.914002], [-105.147396, 39.900094], [-105.131429, 39.900099], [-105.129002, 39.900265], [-105.128918, 39.899985], [-105.128678, 39.899985], [-105.128723, 39.894599], [-105.128941, 39.894598], [-105.128895, 39.890353], [-105.129825, 39.890378], [-105.130271, 39.890643], [-105.130885, 39.892697], [-105.132179, 39.892487], [-105.133105, 39.892012], [-105.136308, 39.89202], [-105.136392, 39.891016], [-105.136677, 39.890834], [-105.137138, 39.890831], [-105.134852, 39.889292], [-105.146989, 39.889212], [-105.14744, 39.889297], [-105.14744, 39.88945], [-105.165167, 39.891486], [-105.165173, 39.892499], [-105.165571, 39.892495], [-105.165622, 39.901499], [-105.166055, 39.901494], [-105.166056, 39.901768]], [[-105.082566, 39.959277], [-105.081378, 39.958408], [-105.080044, 39.958104], [-105.080048, 39.957928], [-105.059332, 39.957763], [-105.059328, 39.958708], [-105.058195, 39.958716], [-105.058207, 39.957894], [-105.052889, 39.957826], [-105.052828, 39.965892], [-105.054202, 39.96587], [-105.057747, 39.968636], [-105.057709, 39.974669], [-105.065075, 39.971554], [-105.067269, 39.970369], [-105.069801, 39.968482], [-105.074735, 39.963935], [-105.076567, 39.962466], [-105.078836, 39.96107], [-105.081217, 39.959818], [-105.082566, 39.959277]], [[-104.979917, 40.029486], [-104.973074, 40.029512], [-104.97305, 40.033037], [-104.977635, 40.033057], [-104.977854, 40.033377], [-104.978259, 40.033471], [-104.979459, 40.033052], [-104.979911, 40.033053], [-104.979917, 40.029486]]]]}}, {"type": "Feature", "properties": {"name": "Jefferson"}, "geometry": {"type": "MultiPolygon", "coordinates": [[[[-105.055808, 39.624314], [-105.05578, 39.625998], [-105.05344, 39.627714], [-105.05333, 39.627989], [-105.053483, 39.624253], [-105.055808, 39.624314]]], [[[-105.059541, 39.635375], [-105.058996, 39.638177], [-105.059138, 39.638243], [-105.059045, 39.63876], [-105.053342, 39.63877], [-105.053294, 39.634902], [-105.053457, 39.629526], [-105.057009, 39.631679], [-105.059297, 39.634333], [-105.059541, 39.635375]]], [[[-105.06356, 39.651859], [-105.063539, 39.652979], [-105.06256, 39.652991], [-105.062589, 39.651854], [-105.06356, 39.651859]]], [[[-105.064997, 39.653774], [-105.063898, 39.65378], [-105.06389, 39.653333], [-105.064988, 39.653331], [-105.064997, 39.653774]]], [[[-105.081605, 39.635002], [-105.081573, 39.635688], [-105.08087, 39.635683], [-105.08087, 39.635001], [-105.081605, 39.635002]]], [[[-105.398349, 39.71733], [-105.398248, 39.717487], [-105.397949, 39.745487], [-105.397949, 39.814886], [-105.398049, 39.816087], [-105.397948, 39.84094], [-105.39745, 39.853697], [-105.397949, 39.860387], [-105.397568, 39.866061], [-105.39758, 39.866356], [-105.397877, 39.866849], [-105.398043, 39.872186], [-105.397949, 39.881087], [-105.397649, 39.883187], [-105.397949, 39.897286], [-105.397749, 39.904086], [-105.397849, 39.912886], [-105.339547, 39.913786], [-105.306845, 39.913986], [-105.282656, 39.913687], [-105.264945, 39.914186], [-105.263945, 39.913986], [-105.245382, 39.914083], [-105.238544, 39.914386], [-105.231343, 39.914085], [-105.212475, 39.914236], [-105.200241, 39.913986], [-105.196647, 39.914186], [-105.167072, 39.913893], [-105.165349, 39.914133], [-105.148472, 39.914049], [-105.148491, 39.913885], [-105.147142, 39.913849], [-105.148399, 39.91375], [-105.150446, 39.91324], [-105.153313, 39.913039], [-105.158458, 39.911596], [-105.162493, 39.911369], [-105.16569, 39.910515], [-105.165625, 39.901774], [-105.166056, 39.901768], [-105.166055, 39.901494], [-105.165622, 39.901499], [-105.165571, 39.892495], [-105.165173, 39.892499], [-105.165167, 39.891486], [-105.14744, 39.88945], [-105.14744, 39.889297], [-105.146989, 39.889212], [-105.138325, 39.889228], [-105.134852, 39.889292], [-105.137138, 39.890831], [-105.136677, 39.890834], [-105.136392, 39.891016], [-105.136308, 39.89202], [-105.133105, 39.892012], [-105.131514, 39.892668], [-105.130885, 39.892697], [-105.130209, 39.89058], [-105.129723, 39.890357], [-105.128895, 39.890353], [-105.128941, 39.894598], [-105.128723, 39.894599], [-105.128678, 39.899985], [-105.128918, 39.899985], [-105.129002, 39.900265], [-105.131429, 39.900099], [-105.147396, 39.900094], [-105.147117, 39.914002], [-105.108609, 39.914137], [-105.107654, 39.913416], [-105.108178, 39.91281], [-105.107553, 39.91239], [-105.107285, 39.912249], [-105.106577, 39.913053], [-105.106033, 39.912768], [-105.106951, 39.911729], [-105.102404, 39.90937], [-105.100641, 39.908638], [-105.100102, 39.902206], [-105.096681, 39.900787], [-105.096692, 39.899788], [-105.090626, 39.899677], [-105.090624, 39.898903], [-105.084285, 39.898957], [-105.08423, 39.899837], [-105.071688, 39.899832], [-105.071775, 39.907018], [-105.062392, 39.907025], [-105.062384, 39.913987], [-105.060042, 39.913977], [-105.060042, 39.912453], [-105.058861, 39.912438], [-105.058864, 39.913687], [-105.057676, 39.913702], [-105.057676, 39.912429], [-105.055294, 39.912426], [-105.055319, 39.913725], [-105.052979, 39.913722], [-105.052892, 39.914224], [-105.053298, 39.858875], [-105.053158, 39.857515], [-105.053339, 39.855978], [-105.053249, 39.854194], [-105.052847, 39.853229], [-105.052835, 39.852545], [-105.053188, 39.849649], [-105.053282, 39.821125], [-105.053256, 39.806497], [-105.052829, 39.803874], [-105.052825, 39.801754], [-105.053162, 39.799239], [-105.053246, 39.791063], [-105.06148, 39.791075], [-105.061786, 39.7905], [-105.062364, 39.7905], [-105.062646, 39.790501], [-105.062642, 39.791086], [-105.064405, 39.79108], [-105.064404, 39.79032], [-105.065005, 39.790321], [-105.065008, 39.790159], [-105.064992, 39.788359], [-105.062653, 39.78834], [-105.062659, 39.783847], [-105.053183, 39.783797], [-105.053228, 39.734922], [-105.055572, 39.734913], [-105.055591, 39.734508], [-105.055588, 39.733105], [-105.055011, 39.7331], [-105.055013, 39.733724], [-105.054427, 39.73364], [-105.054424, 39.733101], [-105.053227, 39.73311], [-105.053191, 39.682397], [-105.053221, 39.682291], [-105.057797, 39.682272], [-105.057794, 39.678697], [-105.060335, 39.677954], [-105.061005, 39.678041], [-105.061422, 39.678258], [-105.06262, 39.67928], [-105.062622, 39.675008], [-105.053251, 39.675037], [-105.053256, 39.667785], [-105.071991, 39.667763], [-105.071997, 39.669344], [-105.072546, 39.669423], [-105.07271, 39.669742], [-105.074951, 39.670485], [-105.075306, 39.670058], [-105.075889, 39.669991], [-105.075986, 39.669307], [-105.076664, 39.669413], [-105.07667, 39.669061], [-105.079212, 39.669339], [-105.079183, 39.669738], [-105.081348, 39.670133], [-105.081457, 39.668577], [-105.081453, 39.662056], [-105.079163, 39.662041], [-105.078158, 39.660759], [-105.076677, 39.659887], [-105.076676, 39.659312], [-105.071973, 39.660024], [-105.071971, 39.659604], [-105.070016, 39.659071], [-105.070144, 39.656874], [-105.067288, 39.656879], [-105.067278, 39.653319], [-105.067477, 39.653321], [-105.06749, 39.652491], [-105.068053, 39.65249], [-105.068057, 39.652188], [-105.068206, 39.652188], [-105.069121, 39.651301], [-105.069917, 39.649991], [-105.07083, 39.649999], [-105.070833, 39.649579], [-105.063924, 39.649566], [-105.0639, 39.650295], [-105.062626, 39.650267], [-105.062598, 39.651513], [-105.061999, 39.651515], [-105.062002, 39.65124], [-105.058059, 39.651251], [-105.058031, 39.652959], [-105.05715, 39.652946], [-105.057165, 39.651986], [-105.055026, 39.651992], [-105.054513, 39.65176], [-105.053754, 39.651727], [-105.053581, 39.65116], [-105.057073, 39.651248], [-105.057091, 39.649701], [-105.063197, 39.649626], [-105.063223, 39.645992], [-105.072045, 39.645984], [-105.072093, 39.645647], [-105.072326, 39.64535], [-105.073816, 39.644628], [-105.074454, 39.644104], [-105.07576, 39.64205], [-105.075897, 39.64118], [-105.076773, 39.639353], [-105.076803, 39.638735], [-105.073271, 39.63874], [-105.073307, 39.636563], [-105.074176, 39.636752], [-105.075222, 39.636515], [-105.077147, 39.636413], [-105.07945, 39.636727], [-105.07995, 39.636643], [-105.080299, 39.636209], [-105.081565, 39.636166], [-105.081541, 39.636721], [-105.081716, 39.636867], [-105.081578, 39.638667], [-105.081676, 39.638759], [-105.0911, 39.638719], [-105.091103, 39.635083], [-105.109875, 39.635072], [-105.109924, 39.627085], [-105.107496, 39.627093], [-105.107503, 39.624218], [-105.091256, 39.624198], [-105.091164, 39.627081], [-105.087384, 39.62709], [-105.087391, 39.626046], [-105.085626, 39.626107], [-105.08558, 39.628527], [-105.083789, 39.628527], [-105.083813, 39.627318], [-105.08173, 39.627313], [-105.081693, 39.630149], [-105.083735, 39.630155], [-105.083712, 39.631327], [-105.080952, 39.631327], [-105.080232, 39.629461], [-105.076273, 39.625095], [-105.074517, 39.624227], [-105.076116, 39.624225], [-105.065662, 39.6206], [-105.065091, 39.620045], [-105.065141, 39.618582], [-105.084297, 39.618584], [-105.087252, 39.618317], [-105.097029, 39.618362], [-105.09701, 39.614311], [-105.058125, 39.614409], [-105.058193, 39.617366], [-105.05712, 39.619368], [-105.056489, 39.619918], [-105.057386, 39.620492], [-105.05724, 39.620914], [-105.056273, 39.621104], [-105.054338, 39.620824], [-105.053516, 39.620864], [-105.053739, 39.604387], [-105.053695, 39.595611], [-105.05414, 39.566088], [-105.04874, 39.566088], [-105.051366, 39.563257], [-105.054272, 39.562997], [-105.057252, 39.562306], [-105.058257, 39.560379], [-105.060714, 39.559941], [-105.06064, 39.557888], [-105.06113, 39.556906], [-105.063798, 39.555239], [-105.06427, 39.55531], [-105.063884, 39.554743], [-105.06424, 39.554188], [-105.065672, 39.553346], [-105.066735, 39.550499], [-105.070308, 39.547896], [-105.071385, 39.546429], [-105.073045, 39.545265], [-105.074111, 39.544268], [-105.074442, 39.543344], [-105.074594, 39.541652], [-105.076419, 39.540055], [-105.077745, 39.536706], [-105.07754, 39.535884], [-105.076571, 39.534968], [-105.076106, 39.532691], [-105.076434, 39.531624], [-105.079461, 39.525888], [-105.079547, 39.524689], [-105.079288, 39.523893], [-105.080096, 39.523156], [-105.080034, 39.522613], [-105.079567, 39.521631], [-105.079424, 39.520462], [-105.079003, 39.519486], [-105.079, 39.519142], [-105.077945, 39.517495], [-105.078432, 39.515416], [-105.078331, 39.514338], [-105.078843, 39.513119], [-105.078859, 39.51285], [-105.07842, 39.512042], [-105.078402, 39.51149], [-105.0787, 39.510836], [-105.07918, 39.510399], [-105.079858, 39.510001], [-105.081133, 39.509667], [-105.082291, 39.508357], [-105.08407, 39.507202], [-105.085046, 39.505956], [-105.085227, 39.50543], [-105.085127, 39.505084], [-105.084713, 39.504622], [-105.085225, 39.503929], [-105.085275, 39.503608], [-105.084751, 39.502255], [-105.084841, 39.50121], [-105.085238, 39.500619], [-105.086394, 39.499447], [-105.086495, 39.499133], [-105.086058, 39.498167], [-105.086057, 39.497853], [-105.086148, 39.497633], [-105.087156, 39.497028], [-105.087257, 39.496572], [-105.087185, 39.496061], [-105.086323, 39.495332], [-105.086109, 39.494923], [-105.086286, 39.493981], [-105.086751, 39.493423], [-105.088514, 39.492392], [-105.091353, 39.48928], [-105.092523, 39.488392], [-105.094134, 39.487841], [-105.09699, 39.486322], [-105.097704, 39.48574], [-105.098707, 39.485394], [-105.100359, 39.485487], [-105.102806, 39.484723], [-105.104641, 39.48502], [-105.106942, 39.484719], [-105.110685, 39.483553], [-105.111709, 39.483529], [-105.113154, 39.483904], [-105.113975, 39.484398], [-105.114432, 39.484791], [-105.114694, 39.4858], [-105.115093, 39.485976], [-105.116837, 39.485698], [-105.117646, 39.485392], [-105.118142, 39.484936], [-105.118304, 39.48452], [-105.118266, 39.482988], [-105.117941, 39.482635], [-105.117616, 39.482573], [-105.116208, 39.482739], [-105.115883, 39.482535], [-105.115973, 39.481844], [-105.116276, 39.481451], [-105.118535, 39.480207], [-105.119026, 39.480124], [-105.119543, 39.480352], [-105.121017, 39.481454], [-105.121823, 39.481304], [-105.123769, 39.479805], [-105.12812, 39.477626], [-105.128488, 39.477236], [-105.128764, 39.475783], [-105.130357, 39.47368], [-105.131582, 39.472679], [-105.133393, 39.47211], [-105.134409, 39.471477], [-105.134931, 39.470952], [-105.135007, 39.470574], [-105.134797, 39.470201], [-105.133777, 39.469138], [-105.13363, 39.46868], [-105.132625, 39.467908], [-105.1327, 39.467103], [-105.133186, 39.466125], [-105.132975, 39.464807], [-105.132577, 39.464321], [-105.132638, 39.463635], [-105.13304, 39.46249], [-105.132941, 39.461912], [-105.132529, 39.461248], [-105.131879, 39.460525], [-105.130399, 39.459527], [-105.127474, 39.458467], [-105.126696, 39.4572], [-105.125362, 39.456665], [-105.125017, 39.456367], [-105.124184, 39.454985], [-105.123881, 39.453022], [-105.123062, 39.450847], [-105.123071, 39.449975], [-105.123728, 39.449464], [-105.123758, 39.449276], [-105.123185, 39.448538], [-105.123103, 39.447957], [-105.123983, 39.447461], [-105.123789, 39.446621], [-105.124066, 39.445419], [-105.124742, 39.44402], [-105.124704, 39.442736], [-105.125027, 39.442174], [-105.125355, 39.441922], [-105.126144, 39.440187], [-105.125925, 39.439101], [-105.125059, 39.437371], [-105.12489, 39.436221], [-105.123477, 39.434494], [-105.123598, 39.434129], [-105.128424, 39.431757], [-105.129428, 39.430933], [-105.130054, 39.430064], [-105.131564, 39.429235], [-105.133071, 39.427439], [-105.133962, 39.427047], [-105.135425, 39.426779], [-105.135924, 39.426495], [-105.136973, 39.425421], [-105.137813, 39.423435], [-105.138206, 39.42307], [-105.140567, 39.422401], [-105.141436, 39.421106], [-105.144923, 39.418996], [-105.145316, 39.418814], [-105.146679, 39.418611], [-105.147153, 39.418327], [-105.148307, 39.418084], [-105.14942, 39.4176], [-105.151767, 39.415681], [-105.152866, 39.41502], [-105.155093, 39.414066], [-105.156268, 39.413806], [-105.159574, 39.41433], [-105.160293, 39.414241], [-105.161261, 39.413758], [-105.161495, 39.413428], [-105.161896, 39.413234], [-105.162304, 39.412734], [-105.16262, 39.411929], [-105.164276, 39.410746], [-105.164932, 39.409782], [-105.165945, 39.409099], [-105.166141, 39.408634], [-105.166671, 39.40851], [-105.167436, 39.408562], [-105.169042, 39.408936], [-105.170026, 39.408617], [-105.170963, 39.407825], [-105.170736, 39.407528], [-105.170783, 39.407173], [-105.171278, 39.406854], [-105.171315, 39.406551], [-105.170923, 39.406035], [-105.170482, 39.404602], [-105.170176, 39.404219], [-105.169718, 39.403946], [-105.169441, 39.403326], [-105.169714, 39.402143], [-105.169408, 39.40159], [-105.168214, 39.40021], [-105.167194, 39.399753], [-105.16699, 39.398025], [-105.167379, 39.397478], [-105.167642, 39.395748], [-105.167258, 39.394308], [-105.166562, 39.393881], [-105.165495, 39.394008], [-105.16539, 39.393476], [-105.164701, 39.392184], [-105.164033, 39.391454], [-105.164108, 39.39124], [-105.164337, 39.391136], [-105.16566, 39.391178], [-105.166678, 39.390793], [-105.167486, 39.390341], [-105.167913, 39.389823], [-105.169968, 39.389096], [-105.170347, 39.388046], [-105.171012, 39.387713], [-105.171193, 39.387484], [-105.171219, 39.386804], [-105.172122, 39.385983], [-105.172626, 39.385938], [-105.172978, 39.385745], [-105.173233, 39.38491], [-105.173136, 39.384238], [-105.173506, 39.383424], [-105.173284, 39.382317], [-105.171931, 39.382001], [-105.171324, 39.382246], [-105.170856, 39.382261], [-105.170044, 39.380962], [-105.169615, 39.380682], [-105.169785, 39.380342], [-105.170746, 39.380008], [-105.17125, 39.379638], [-105.1714, 39.37901], [-105.172826, 39.378143], [-105.172997, 39.377722], [-105.172748, 39.37739], [-105.172518, 39.376629], [-105.17033, 39.375347], [-105.170352, 39.374989], [-105.170165, 39.374518], [-105.168688, 39.374386], [-105.167998, 39.374149], [-105.167173, 39.372399], [-105.167141, 39.371747], [-105.16748, 39.370682], [-105.168916, 39.369331], [-105.169195, 39.368702], [-105.168805, 39.367056], [-105.167792, 39.366371], [-105.16779, 39.36558], [-105.167275, 39.364882], [-105.166892, 39.364679], [-105.166389, 39.362626], [-105.166574, 39.361754], [-105.167526, 39.360385], [-105.167531, 39.359326], [-105.167648, 39.359159], [-105.16786, 39.359017], [-105.16946, 39.358806], [-105.170028, 39.358107], [-105.171517, 39.35722], [-105.171849, 39.35676], [-105.172386, 39.35559], [-105.171847, 39.354276], [-105.171853, 39.35345], [-105.172129, 39.353013], [-105.175157, 39.35049], [-105.176722, 39.349865], [-105.17735, 39.349381], [-105.177469, 39.348945], [-105.176532, 39.347515], [-105.176546, 39.346904], [-105.177289, 39.344471], [-105.177819, 39.343923], [-105.179174, 39.343462], [-105.179533, 39.343013], [-105.179535, 39.342309], [-105.178964, 39.341641], [-105.1787, 39.341025], [-105.179233, 39.33986], [-105.1801, 39.339155], [-105.18159, 39.338839], [-105.182144, 39.338588], [-105.182571, 39.337307], [-105.183435, 39.336538], [-105.183956, 39.33549], [-105.184248, 39.335268], [-105.185071, 39.334831], [-105.187007, 39.334525], [-105.187837, 39.334186], [-105.187911, 39.333855], [-105.187432, 39.333256], [-105.185572, 39.333003], [-105.182268, 39.331374], [-105.182117, 39.331054], [-105.182156, 39.33021], [-105.182305, 39.329797], [-105.18297, 39.329296], [-105.184745, 39.329031], [-105.186057, 39.32829], [-105.187705, 39.328148], [-105.188184, 39.327961], [-105.188392, 39.327449], [-105.188301, 39.327082], [-105.185958, 39.32626], [-105.185956, 39.325172], [-105.185486, 39.324405], [-105.185611, 39.323858], [-105.185948, 39.323526], [-105.186292, 39.323304], [-105.187803, 39.322853], [-105.188814, 39.321153], [-105.189199, 39.319512], [-105.188558, 39.317919], [-105.188713, 39.317133], [-105.189251, 39.31662], [-105.190541, 39.315903], [-105.191168, 39.314959], [-105.192045, 39.314021], [-105.19235, 39.313305], [-105.192926, 39.312862], [-105.193487, 39.312582], [-105.194662, 39.312434], [-105.196296, 39.311658], [-105.198156, 39.310432], [-105.198458, 39.309972], [-105.198532, 39.309437], [-105.198397, 39.30928], [-105.19668, 39.308544], [-105.197333, 39.30599], [-105.197916, 39.305611], [-105.197997, 39.305355], [-105.197824, 39.304988], [-105.196522, 39.303949], [-105.196281, 39.303595], [-105.196093, 39.303135], [-105.196, 39.302082], [-105.196456, 39.301785], [-105.197231, 39.30172], [-105.199201, 39.302048], [-105.200212, 39.302029], [-105.200862, 39.301644], [-105.201283, 39.30077], [-105.201275, 39.300532], [-105.200854, 39.300166], [-105.200809, 39.299858], [-105.200964, 39.299357], [-105.201129, 39.29927], [-105.204979, 39.299798], [-105.205873, 39.29961], [-105.206793, 39.299196], [-105.207681, 39.298194], [-105.207653, 39.297618], [-105.207173, 39.296228], [-105.205231, 39.294899], [-105.203958, 39.294919], [-105.202887, 39.294752], [-105.202631, 39.294485], [-105.202479, 39.293583], [-105.202785, 39.293181], [-105.203496, 39.293022], [-105.204215, 39.293131], [-105.205527, 39.29399], [-105.206291, 39.294059], [-105.206822, 39.293813], [-105.207012, 39.293406], [-105.206823, 39.292935], [-105.205743, 39.292233], [-105.205531, 39.291681], [-105.206199, 39.290888], [-105.206737, 39.290625], [-105.207359, 39.290805], [-105.20775, 39.291518], [-105.208565, 39.291169], [-105.208737, 39.290854], [-105.208675, 39.290396], [-105.208042, 39.289612], [-105.208586, 39.288837], [-105.21017, 39.28774], [-105.210814, 39.286733], [-105.211792, 39.285765], [-105.212473, 39.284484], [-105.212374, 39.28399], [-105.211901, 39.283333], [-105.211334, 39.282915], [-105.211391, 39.280734], [-105.21326, 39.279724], [-105.213897, 39.278693], [-105.21433, 39.278558], [-105.215438, 39.278574], [-105.215775, 39.278428], [-105.216386, 39.277618], [-105.216363, 39.277455], [-105.215526, 39.276788], [-105.215541, 39.276636], [-105.215765, 39.276304], [-105.217086, 39.275319], [-105.217507, 39.274596], [-105.217296, 39.274219], [-105.216816, 39.273818], [-105.215662, 39.273349], [-105.215429, 39.273111], [-105.215424, 39.272483], [-105.215931, 39.272045], [-105.216462, 39.271771], [-105.217315, 39.271589], [-105.218394, 39.270784], [-105.219179, 39.270503], [-105.220559, 39.269174], [-105.220778, 39.268662], [-105.220776, 39.268063], [-105.220611, 39.267842], [-105.218699, 39.267042], [-105.218504, 39.26678], [-105.21875, 39.265349], [-105.218407, 39.264198], [-105.217784, 39.263548], [-105.217768, 39.262105], [-105.217204, 39.261175], [-105.217419, 39.260395], [-105.218543, 39.259817], [-105.219598, 39.259641], [-105.224409, 39.260691], [-105.224761, 39.260707], [-105.225105, 39.260525], [-105.225372, 39.260036], [-105.225293, 39.259623], [-105.225142, 39.259443], [-105.22398, 39.259003], [-105.223402, 39.258417], [-105.223268, 39.257381], [-105.223443, 39.256154], [-105.224075, 39.255878], [-105.224554, 39.255901], [-105.226486, 39.25652], [-105.226972, 39.25635], [-105.22736, 39.256001], [-105.227355, 39.254235], [-105.227777, 39.25386], [-105.229161, 39.253723], [-105.231537, 39.253881], [-105.233292, 39.254948], [-105.234034, 39.255302], [-105.234393, 39.255307], [-105.234825, 39.254573], [-105.23472, 39.253581], [-105.234202, 39.252413], [-105.234354, 39.251979], [-105.235256, 39.251313], [-105.237388, 39.250942], [-105.237701, 39.250674], [-105.237399, 39.249618], [-105.23713, 39.249348], [-105.23646, 39.249328], [-105.235765, 39.249677], [-105.234952, 39.249491], [-105.234781, 39.249297], [-105.234775, 39.248706], [-105.234387, 39.247534], [-105.233938, 39.246868], [-105.23432, 39.246312], [-105.234367, 39.245562], [-105.235177, 39.24488], [-105.235631, 39.244261], [-105.236095, 39.244058], [-105.237983, 39.243958], [-105.239527, 39.243614], [-105.239741, 39.243635], [-105.240149, 39.244057], [-105.240559, 39.244057], [-105.241299, 39.243437], [-105.243403, 39.242655], [-105.246017, 39.240566], [-105.246802, 39.240384], [-105.247928, 39.24059], [-105.248536, 39.240846], [-105.249701, 39.242131], [-105.25055, 39.242676], [-105.251326, 39.242958], [-105.252261, 39.243645], [-105.252772, 39.243667], [-105.253472, 39.243314], [-105.253696, 39.242705], [-105.253536, 39.241372], [-105.25503, 39.240274], [-105.254873, 39.239585], [-105.254371, 39.23886], [-105.254238, 39.238131], [-105.255054, 39.237165], [-105.255572, 39.235853], [-105.256875, 39.234624], [-105.257228, 39.233547], [-105.257619, 39.233154], [-105.259992, 39.232238], [-105.260539, 39.23217], [-105.261784, 39.231482], [-105.262754, 39.230335], [-105.263569, 39.229058], [-105.263424, 39.22836], [-105.261528, 39.226571], [-105.261489, 39.225833], [-105.261584, 39.225643], [-105.262047, 39.225403], [-105.262436, 39.224637], [-105.262184, 39.224074], [-105.261302, 39.223269], [-105.261525, 39.222755], [-105.262131, 39.222484], [-105.262414, 39.222114], [-105.263245, 39.221634], [-105.263481, 39.221363], [-105.263504, 39.220976], [-105.262868, 39.219463], [-105.261688, 39.218389], [-105.261496, 39.21793], [-105.260577, 39.216855], [-105.260834, 39.215575], [-105.26152, 39.214758], [-105.261531, 39.214461], [-105.26135, 39.213866], [-105.260086, 39.212558], [-105.259654, 39.211374], [-105.259889, 39.210607], [-105.260707, 39.210101], [-105.261657, 39.210085], [-105.26212, 39.209918], [-105.262794, 39.209069], [-105.262992, 39.208186], [-105.263194, 39.208005], [-105.264216, 39.208048], [-105.265394, 39.20864], [-105.267273, 39.209171], [-105.268259, 39.209169], [-105.269519, 39.209419], [-105.270552, 39.209254], [-105.27118, 39.208743], [-105.272176, 39.208651], [-105.272778, 39.207755], [-105.27316, 39.207624], [-105.275597, 39.207626], [-105.276291, 39.207216], [-105.276623, 39.206451], [-105.27674, 39.205186], [-105.277392, 39.204469], [-105.277621, 39.20372], [-105.277696, 39.202801], [-105.278079, 39.20223], [-105.278814, 39.201811], [-105.279795, 39.201901], [-105.281261, 39.201757], [-105.282265, 39.200968], [-105.282929, 39.199953], [-105.283729, 39.197689], [-105.284227, 39.196812], [-105.2851, 39.194588], [-105.285164, 39.193742], [-105.284702, 39.192703], [-105.284714, 39.192074], [-105.285067, 39.191019], [-105.285928, 39.189585], [-105.285868, 39.188594], [-105.286047, 39.187249], [-105.28639, 39.186314], [-105.287466, 39.185356], [-105.289182, 39.184172], [-105.289274, 39.183889], [-105.289236, 39.183416], [-105.287701, 39.182045], [-105.287331, 39.181255], [-105.287508, 39.180659], [-105.287377, 39.179442], [-105.287512, 39.179064], [-105.287937, 39.178476], [-105.289498, 39.177494], [-105.29081, 39.176963], [-105.292413, 39.175965], [-105.294748, 39.174838], [-105.294821, 39.17446], [-105.294285, 39.174097], [-105.293635, 39.173975], [-105.293481, 39.173709], [-105.293533, 39.173427], [-105.293823, 39.17313], [-105.296353, 39.172648], [-105.298438, 39.17281], [-105.29944, 39.172529], [-105.299864, 39.17207], [-105.3, 39.171562], [-105.301529, 39.170612], [-105.302014, 39.169246], [-105.30175, 39.16888], [-105.300832, 39.168501], [-105.300214, 39.168017], [-105.300432, 39.167227], [-105.301022, 39.166777], [-105.302271, 39.166689], [-105.302922, 39.166149], [-105.304454, 39.164281], [-105.304892, 39.164057], [-105.305197, 39.164024], [-105.307059, 39.165356], [-105.307962, 39.16534], [-105.308345, 39.164479], [-105.308602, 39.164221], [-105.309725, 39.163781], [-105.309982, 39.163519], [-105.310692, 39.161526], [-105.31321, 39.159888], [-105.313574, 39.158819], [-105.313164, 39.157748], [-105.313087, 39.157077], [-105.313195, 39.156626], [-105.314136, 39.155515], [-105.31531, 39.154895], [-105.315491, 39.154525], [-105.315389, 39.153507], [-105.315949, 39.151302], [-105.315591, 39.149757], [-105.316217, 39.148724], [-105.315407, 39.147018], [-105.315347, 39.146712], [-105.315634, 39.145801], [-105.316251, 39.14552], [-105.318801, 39.145896], [-105.320122, 39.145762], [-105.321556, 39.146191], [-105.322295, 39.145999], [-105.323069, 39.145596], [-105.323285, 39.144992], [-105.322479, 39.143868], [-105.322147, 39.142958], [-105.322793, 39.14083], [-105.32268, 39.140191], [-105.321949, 39.139332], [-105.32174, 39.138842], [-105.321962, 39.136967], [-105.32231, 39.136114], [-105.322757, 39.135595], [-105.324774, 39.133863], [-105.325389, 39.133037], [-105.326235, 39.132391], [-105.327393, 39.130873], [-105.328347, 39.130037], [-105.329445, 39.129487], [-105.330382, 39.129474], [-105.330383, 39.129685], [-105.397875, 39.129564], [-105.397723, 39.161516], [-105.3979, 39.24999], [-105.396712, 39.264883], [-105.398048, 39.298427], [-105.397944, 39.300294], [-105.398153, 39.305489], [-105.398052, 39.314604], [-105.398652, 39.326189], [-105.398253, 39.327189], [-105.398454, 39.329537], [-105.398652, 39.337075], [-105.398147, 39.350697], [-105.398453, 39.363089], [-105.398552, 39.37809], [-105.39795, 39.388791], [-105.398157, 39.398995], [-105.398051, 39.443992], [-105.397954, 39.444964], [-105.398064, 39.452251], [-105.398524, 39.460165], [-105.398552, 39.463488], [-105.398152, 39.464788], [-105.397898, 39.466957], [-105.398051, 39.467145], [-105.398139, 39.468725], [-105.398039, 39.486166], [-105.398354, 39.504787], [-105.398251, 39.513189], [-105.398851, 39.535588], [-105.398751, 39.539497], [-105.398851, 39.559589], [-105.39915, 39.581588], [-105.39895, 39.585088], [-105.398951, 39.604786], [-105.39845, 39.628694], [-105.398452, 39.634687], [-105.39825, 39.636588], [-105.398308, 39.671006], [-105.39855, 39.685989], [-105.398545, 39.701019], [-105.398349, 39.71733]]]]}}, {"type": "Feature", "properties": {"name": "Douglas"}, "geometry": {"type": "Polygon", "coordinates": [[[-105.000551, 39.13004], [-105.033573, 39.12971], [-105.329445, 39.129487], [-105.328347, 39.130037], [-105.327393, 39.130873], [-105.326235, 39.132391], [-105.325389, 39.133037], [-105.324774, 39.133863], [-105.322757, 39.135595], [-105.32231, 39.136114], [-105.321962, 39.136967], [-105.32174, 39.138842], [-105.321949, 39.139332], [-105.32268, 39.140191], [-105.322793, 39.14083], [-105.322147, 39.142958], [-105.322479, 39.143868], [-105.323285, 39.144992], [-105.323069, 39.145596], [-105.322295, 39.145999], [-105.321556, 39.146191], [-105.320122, 39.145762], [-105.318801, 39.145896], [-105.316251, 39.14552], [-105.315634, 39.145801], [-105.315347, 39.146712], [-105.315407, 39.147018], [-105.316217, 39.148724], [-105.315591, 39.149757], [-105.315949, 39.151302], [-105.315389, 39.153507], [-105.315491, 39.154525], [-105.31531, 39.154895], [-105.314136, 39.155515], [-105.313195, 39.156626], [-105.313087, 39.157077], [-105.313164, 39.157748], [-105.313574, 39.158819], [-105.31321, 39.159888], [-105.310692, 39.161526], [-105.309982, 39.163519], [-105.309725, 39.163781], [-105.308602, 39.164221], [-105.308345, 39.164479], [-105.307962, 39.16534], [-105.307059, 39.165356], [-105.305197, 39.164024], [-105.304892, 39.164057], [-105.304454, 39.164281], [-105.302922, 39.166149], [-105.302271, 39.166689], [-105.301022, 39.166777], [-105.300432, 39.167227], [-105.300214, 39.168017], [-105.300832, 39.168501], [-105.30175, 39.16888], [-105.302014, 39.169246], [-105.301529, 39.170612], [-105.3, 39.171562], [-105.299864, 39.17207], [-105.29944, 39.172529], [-105.298438, 39.17281], [-105.296353, 39.172648], [-105.293823, 39.17313], [-105.293533, 39.173427], [-105.293481, 39.173709], [-105.293635, 39.173975], [-105.294285, 39.174097], [-105.294821, 39.17446], [-105.294748, 39.174838], [-105.292413, 39.175965], [-105.29081, 39.176963], [-105.289498, 39.177494], [-105.287937, 39.178476], [-105.287512, 39.179064], [-105.287377, 39.179442], [-105.287508, 39.180659], [-105.287331, 39.181255], [-105.287701, 39.182045], [-105.289236, 39.183416], [-105.289274, 39.183889], [-105.289182, 39.184172], [-105.287466, 39.185356], [-105.28639, 39.186314], [-105.286047, 39.187249], [-105.285868, 39.188594], [-105.285928, 39.189585], [-105.285067, 39.191019], [-105.284714, 39.192074], [-105.284702, 39.192703], [-105.285164, 39.193742], [-105.2851, 39.194588], [-105.284227, 39.196812], [-105.283729, 39.197689], [-105.282929, 39.199953], [-105.282265, 39.200968], [-105.281261, 39.201757], [-105.279795, 39.201901], [-105.278814, 39.201811], [-105.278079, 39.20223], [-105.277696, 39.202801], [-105.277621, 39.20372], [-105.277392, 39.204469], [-105.27674, 39.205186], [-105.276623, 39.206451], [-105.276291, 39.207216], [-105.275597, 39.207626], [-105.27316, 39.207624], [-105.272778, 39.207755], [-105.272176, 39.208651], [-105.27118, 39.208743], [-105.270552, 39.209254], [-105.269519, 39.209419], [-105.268259, 39.209169], [-105.267273, 39.209171], [-105.265394, 39.20864], [-105.264216, 39.208048], [-105.263194, 39.208005], [-105.262992, 39.208186], [-105.262794, 39.209069], [-105.26212, 39.209918], [-105.261657, 39.210085], [-105.260707, 39.210101], [-105.259889, 39.210607], [-105.259654, 39.211374], [-105.260086, 39.212558], [-105.26135, 39.213866], [-105.261531, 39.214461], [-105.26152, 39.214758], [-105.260834, 39.215575], [-105.260577, 39.216855], [-105.261496, 39.21793], [-105.261688, 39.218389], [-105.262868, 39.219463], [-105.263504, 39.220976], [-105.263481, 39.221363], [-105.263245, 39.221634], [-105.262414, 39.222114], [-105.262131, 39.222484], [-105.261525, 39.222755], [-105.261302, 39.223269], [-105.262184, 39.224074], [-105.262436, 39.224637], [-105.262047, 39.225403], [-105.261584, 39.225643], [-105.261489, 39.225833], [-105.261528, 39.226571], [-105.263424, 39.22836], [-105.263569, 39.229058], [-105.262754, 39.230335], [-105.261784, 39.231482], [-105.260539, 39.23217], [-105.259992, 39.232238], [-105.257619, 39.233154], [-105.257228, 39.233547], [-105.256875, 39.234624], [-105.255572, 39.235853], [-105.255054, 39.237165], [-105.254238, 39.238131], [-105.254371, 39.23886], [-105.254873, 39.239585], [-105.25503, 39.240274], [-105.253536, 39.241372], [-105.253696, 39.242705], [-105.253472, 39.243314], [-105.252772, 39.243667], [-105.252261, 39.243645], [-105.251326, 39.242958], [-105.25055, 39.242676], [-105.249701, 39.242131], [-105.248536, 39.240846], [-105.247928, 39.24059], [-105.246802, 39.240384], [-105.246017, 39.240566], [-105.243403, 39.242655], [-105.241299, 39.243437], [-105.240559, 39.244057], [-105.240149, 39.244057], [-105.239741, 39.243635], [-105.239527, 39.243614], [-105.237983, 39.243958], [-105.236095, 39.244058], [-105.235631, 39.244261], [-105.235177, 39.24488], [-105.234367, 39.245562], [-105.23432, 39.246312], [-105.233938, 39.246868], [-105.234387, 39.247534], [-105.234775, 39.248706], [-105.234781, 39.249297], [-105.234952, 39.249491], [-105.235765, 39.249677], [-105.23646, 39.249328], [-105.23713, 39.249348], [-105.237399, 39.249618], [-105.237701, 39.250674], [-105.237388, 39.250942], [-105.235256, 39.251313], [-105.234354, 39.251979], [-105.234202, 39.252413], [-105.23472, 39.253581], [-105.234825, 39.254573], [-105.234393, 39.255307], [-105.234034, 39.255302], [-105.233292, 39.254948], [-105.231537, 39.253881], [-105.229161, 39.253723], [-105.227777, 39.25386], [-105.227355, 39.254235], [-105.22736, 39.256001], [-105.226972, 39.25635], [-105.226486, 39.25652], [-105.224554, 39.255901], [-105.224075, 39.255878], [-105.223443, 39.256154], [-105.223268, 39.257381], [-105.223402, 39.258417], [-105.22398, 39.259003], [-105.225142, 39.259443], [-105.225293, 39.259623], [-105.225372, 39.260036], [-105.225105, 39.260525], [-105.224761, 39.260707], [-105.224409, 39.260691], [-105.219598, 39.259641], [-105.218543, 39.259817], [-105.217419, 39.260395], [-105.217204, 39.261175], [-105.217768, 39.262105], [-105.217784, 39.263548], [-105.218407, 39.264198], [-105.21875, 39.265349], [-105.218504, 39.26678], [-105.218699, 39.267042], [-105.220611, 39.267842], [-105.220776, 39.268063], [-105.220778, 39.268662], [-105.220559, 39.269174], [-105.219179, 39.270503], [-105.218394, 39.270784], [-105.217315, 39.271589], [-105.216462, 39.271771], [-105.215931, 39.272045], [-105.215424, 39.272483], [-105.215429, 39.273111], [-105.215662, 39.273349], [-105.216816, 39.273818], [-105.217296, 39.274219], [-105.217507, 39.274596], [-105.217086, 39.275319], [-105.215765, 39.276304], [-105.215541, 39.276636], [-105.215526, 39.276788], [-105.216363, 39.277455], [-105.216386, 39.277618], [-105.215775, 39.278428], [-105.215438, 39.278574], [-105.21433, 39.278558], [-105.213897, 39.278693], [-105.21326, 39.279724], [-105.211391, 39.280734], [-105.211334, 39.282915], [-105.211901, 39.283333], [-105.212374, 39.28399], [-105.212473, 39.284484], [-105.211792, 39.285765], [-105.210814, 39.286733], [-105.21017, 39.28774], [-105.208586, 39.288837], [-105.208042, 39.289612], [-105.208675, 39.290396], [-105.208737, 39.290854], [-105.208565, 39.291169], [-105.20775, 39.291518], [-105.207359, 39.290805], [-105.206737, 39.290625], [-105.206199, 39.290888], [-105.205531, 39.291681], [-105.205743, 39.292233], [-105.206823, 39.292935], [-105.207012, 39.293406], [-105.206822, 39.293813], [-105.206291, 39.294059], [-105.205527, 39.29399], [-105.204215, 39.293131], [-105.203496, 39.293022], [-105.202785, 39.293181], [-105.202479, 39.293583], [-105.202631, 39.294485], [-105.202887, 39.294752], [-105.203958, 39.294919], [-105.205231, 39.294899], [-105.207173, 39.296228], [-105.207653, 39.297618], [-105.207681, 39.298194], [-105.206793, 39.299196], [-105.205873, 39.29961], [-105.204979, 39.299798], [-105.201129, 39.29927], [-105.200964, 39.299357], [-105.200809, 39.299858], [-105.200854, 39.300166], [-105.201275, 39.300532], [-105.201283, 39.30077], [-105.200862, 39.301644], [-105.200212, 39.302029], [-105.199201, 39.302048], [-105.197231, 39.30172], [-105.196456, 39.301785], [-105.196, 39.302082], [-105.196093, 39.303135], [-105.196281, 39.303595], [-105.196522, 39.303949], [-105.197824, 39.304988], [-105.197997, 39.305355], [-105.197916, 39.305611], [-105.197333, 39.30599], [-105.19668, 39.308544], [-105.198397, 39.30928], [-105.198532, 39.309437], [-105.198458, 39.309972], [-105.198156, 39.310432], [-105.196296, 39.311658], [-105.194662, 39.312434], [-105.193487, 39.312582], [-105.192926, 39.312862], [-105.19235, 39.313305], [-105.192045, 39.314021], [-105.191168, 39.314959], [-105.190541, 39.315903], [-105.189251, 39.31662], [-105.188713, 39.317133], [-105.188558, 39.317919], [-105.189199, 39.319512], [-105.188814, 39.321153], [-105.187803, 39.322853], [-105.186292, 39.323304], [-105.185948, 39.323526], [-105.185611, 39.323858], [-105.185486, 39.324405], [-105.185956, 39.325172], [-105.185958, 39.32626], [-105.188301, 39.327082], [-105.188392, 39.327449], [-105.188184, 39.327961], [-105.187705, 39.328148], [-105.186057, 39.32829], [-105.184745, 39.329031], [-105.18297, 39.329296], [-105.182305, 39.329797], [-105.182156, 39.33021], [-105.182117, 39.331054], [-105.182268, 39.331374], [-105.185572, 39.333003], [-105.187432, 39.333256], [-105.187911, 39.333855], [-105.187837, 39.334186], [-105.187007, 39.334525], [-105.185071, 39.334831], [-105.184248, 39.335268], [-105.183956, 39.33549], [-105.183435, 39.336538], [-105.182571, 39.337307], [-105.182144, 39.338588], [-105.18159, 39.338839], [-105.1801, 39.339155], [-105.179233, 39.33986], [-105.1787, 39.341025], [-105.178964, 39.341641], [-105.179535, 39.342309], [-105.179533, 39.343013], [-105.179174, 39.343462], [-105.177819, 39.343923], [-105.177289, 39.344471], [-105.176546, 39.346904], [-105.176532, 39.347515], [-105.177469, 39.348945], [-105.17735, 39.349381], [-105.176722, 39.349865], [-105.175157, 39.35049], [-105.172129, 39.353013], [-105.171853, 39.35345], [-105.171847, 39.354276], [-105.172386, 39.35559], [-105.171849, 39.35676], [-105.171517, 39.35722], [-105.170028, 39.358107], [-105.16946, 39.358806], [-105.16786, 39.359017], [-105.167648, 39.359159], [-105.167531, 39.359326], [-105.167526, 39.360385], [-105.166574, 39.361754], [-105.166389, 39.362626], [-105.166892, 39.364679], [-105.167275, 39.364882], [-105.16779, 39.36558], [-105.167792, 39.366371], [-105.168805, 39.367056], [-105.169195, 39.368702], [-105.168916, 39.369331], [-105.16748, 39.370682], [-105.167141, 39.371747], [-105.167173, 39.372399], [-105.167998, 39.374149], [-105.168688, 39.374386], [-105.170165, 39.374518], [-105.170352, 39.374989], [-105.17033, 39.375347], [-105.172518, 39.376629], [-105.172748, 39.37739], [-105.172997, 39.377722], [-105.172826, 39.378143], [-105.1714, 39.37901], [-105.17125, 39.379638], [-105.170746, 39.380008], [-105.169785, 39.380342], [-105.169615, 39.380682], [-105.170044, 39.380962], [-105.170856, 39.382261], [-105.171324, 39.382246], [-105.171931, 39.382001], [-105.173284, 39.382317], [-105.173506, 39.383424], [-105.173136, 39.384238], [-105.173233, 39.38491], [-105.172978, 39.385745], [-105.172626, 39.385938], [-105.172122, 39.385983], [-105.171219, 39.386804], [-105.171193, 39.387484], [-105.171012, 39.387713], [-105.170347, 39.388046], [-105.169968, 39.389096], [-105.167913, 39.389823], [-105.167486, 39.390341], [-105.166678, 39.390793], [-105.16566, 39.391178], [-105.164337, 39.391136], [-105.164108, 39.39124], [-105.164033, 39.391454], [-105.164701, 39.392184], [-105.16539, 39.393476], [-105.165495, 39.394008], [-105.166562, 39.393881], [-105.167258, 39.394308], [-105.167642, 39.395748], [-105.167379, 39.397478], [-105.16699, 39.398025], [-105.167194, 39.399753], [-105.168214, 39.40021], [-105.169408, 39.40159], [-105.169714, 39.402143], [-105.169441, 39.403326], [-105.169718, 39.403946], [-105.170176, 39.404219], [-105.170482, 39.404602], [-105.170923, 39.406035], [-105.171315, 39.406551], [-105.171278, 39.406854], [-105.170783, 39.407173], [-105.170736, 39.407528], [-105.170963, 39.407825], [-105.170026, 39.408617], [-105.169042, 39.408936], [-105.167436, 39.408562], [-105.166671, 39.40851], [-105.166141, 39.408634], [-105.165945, 39.409099], [-105.164932, 39.409782], [-105.164276, 39.410746], [-105.16262, 39.411929], [-105.162304, 39.412734], [-105.161896, 39.413234], [-105.161495, 39.413428], [-105.161261, 39.413758], [-105.160293, 39.414241], [-105.159574, 39.41433], [-105.156268, 39.413806], [-105.155093, 39.414066], [-105.152866, 39.41502], [-105.151767, 39.415681], [-105.14942, 39.4176], [-105.148307, 39.418084], [-105.147153, 39.418327], [-105.146679, 39.418611], [-105.145316, 39.418814], [-105.144923, 39.418996], [-105.141436, 39.421106], [-105.140567, 39.422401], [-105.138206, 39.42307], [-105.137813, 39.423435], [-105.136973, 39.425421], [-105.135924, 39.426495], [-105.135425, 39.426779], [-105.133962, 39.427047], [-105.133071, 39.427439], [-105.131564, 39.429235], [-105.130054, 39.430064], [-105.129428, 39.430933], [-105.128424, 39.431757], [-105.123598, 39.434129], [-105.123477, 39.434494], [-105.12489, 39.436221], [-105.125059, 39.437371], [-105.125925, 39.439101], [-105.126144, 39.440187], [-105.125355, 39.441922], [-105.125027, 39.442174], [-105.124704, 39.442736], [-105.124742, 39.44402], [-105.124066, 39.445419], [-105.123789, 39.446621], [-105.123983, 39.447461], [-105.123103, 39.447957], [-105.123185, 39.448538], [-105.123758, 39.449276], [-105.123728, 39.449464], [-105.123071, 39.449975], [-105.123062, 39.450847], [-105.123881, 39.453022], [-105.124184, 39.454985], [-105.125017, 39.456367], [-105.125362, 39.456665], [-105.126696, 39.4572], [-105.127474, 39.458467], [-105.130399, 39.459527], [-105.131879, 39.460525], [-105.132529, 39.461248], [-105.132941, 39.461912], [-105.13304, 39.46249], [-105.132638, 39.463635], [-105.132577, 39.464321], [-105.132975, 39.464807], [-105.133186, 39.466125], [-105.1327, 39.467103], [-105.132625, 39.467908], [-105.13363, 39.46868], [-105.133777, 39.469138], [-105.134797, 39.470201], [-105.135007, 39.470574], [-105.134931, 39.470952], [-105.134409, 39.471477], [-105.133393, 39.47211], [-105.131582, 39.472679], [-105.130357, 39.47368], [-105.128764, 39.475783], [-105.128488, 39.477236], [-105.12812, 39.477626], [-105.123769, 39.479805], [-105.121823, 39.481304], [-105.121017, 39.481454], [-105.119543, 39.480352], [-105.119026, 39.480124], [-105.118535, 39.480207], [-105.116276, 39.481451], [-105.115973, 39.481844], [-105.115883, 39.482535], [-105.116208, 39.482739], [-105.117616, 39.482573], [-105.117941, 39.482635], [-105.118266, 39.482988], [-105.118304, 39.48452], [-105.118142, 39.484936], [-105.117646, 39.485392], [-105.116837, 39.485698], [-105.115093, 39.485976], [-105.114694, 39.4858], [-105.114432, 39.484791], [-105.113975, 39.484398], [-105.113154, 39.483904], [-105.111709, 39.483529], [-105.110685, 39.483553], [-105.106942, 39.484719], [-105.104641, 39.48502], [-105.102806, 39.484723], [-105.100359, 39.485487], [-105.098707, 39.485394], [-105.097704, 39.48574], [-105.09699, 39.486322], [-105.094134, 39.487841], [-105.092523, 39.488392], [-105.091353, 39.48928], [-105.088514, 39.492392], [-105.086751, 39.493423], [-105.086286, 39.493981], [-105.086109, 39.494923], [-105.086323, 39.495332], [-105.087185, 39.496061], [-105.087257, 39.496572], [-105.087156, 39.497028], [-105.086148, 39.497633], [-105.086057, 39.497853], [-105.086058, 39.498167], [-105.086495, 39.499133], [-105.086394, 39.499447], [-105.085238, 39.500619], [-105.084841, 39.50121], [-105.084751, 39.502255], [-105.085275, 39.503608], [-105.085225, 39.503929], [-105.084713, 39.504622], [-105.085127, 39.505084], [-105.085227, 39.50543], [-105.085046, 39.505956], [-105.08407, 39.507202], [-105.082291, 39.508357], [-105.081133, 39.509667], [-105.079858, 39.510001], [-105.07918, 39.510399], [-105.0787, 39.510836], [-105.078402, 39.51149], [-105.07842, 39.512042], [-105.078859, 39.51285], [-105.078843, 39.513119], [-105.078331, 39.514338], [-105.078432, 39.515416], [-105.077945, 39.517495], [-105.079, 39.519142], [-105.079003, 39.519486], [-105.079424, 39.520462], [-105.079567, 39.521631], [-105.080034, 39.522613], [-105.080096, 39.523156], [-105.079288, 39.523893], [-105.079547, 39.524689], [-105.079461, 39.525888], [-105.076434, 39.531624], [-105.076106, 39.532691], [-105.076571, 39.534968], [-105.07754, 39.535884], [-105.077745, 39.536706], [-105.076419, 39.540055], [-105.074594, 39.541652], [-105.074442, 39.543344], [-105.074111, 39.544268], [-105.073045, 39.545265], [-105.071385, 39.546429], [-105.070308, 39.547896], [-105.066735, 39.550499], [-105.065672, 39.553346], [-105.06424, 39.554188], [-105.063884, 39.554743], [-105.06427, 39.55531], [-105.063798, 39.555239], [-105.06113, 39.556906], [-105.06064, 39.557888], [-105.060714, 39.559941], [-105.058257, 39.560379], [-105.057252, 39.562306], [-105.054272, 39.562997], [-105.051366, 39.563257], [-105.04874, 39.566088], [-105.035561, 39.566193], [-104.882385, 39.56595], [-104.860665, 39.56605], [-104.66016, 39.565909], [-104.662465, 39.390953], [-104.662773, 39.303782], [-104.662894, 39.216406], [-104.662483, 39.129529], [-104.825257, 39.129715], [-104.849109, 39.13001], [-104.868471, 39.129835], [-104.896079, 39.12998], [-104.902945, 39.129935], [-104.903088, 39.129808], [-104.903002, 39.129934], [-105.000551, 39.13004]]]}}, {"type": "Feature", "properties": {"name": "Adams"}, "geometry": {"type": "Polygon", "coordinates": [[[-104.884664, 39.747467], [-104.879971, 39.747438], [-104.879901, 39.754735], [-104.84694, 39.754687], [-104.846916, 39.755241], [-104.847716, 39.75524], [-104.848002, 39.755449], [-104.848208, 39.756419], [-104.850786, 39.756743], [-104.852036, 39.757313], [-104.853489, 39.75762], [-104.854351, 39.758062], [-104.854862, 39.757844], [-104.855016, 39.757926], [-104.85552, 39.757796], [-104.856338, 39.758127], [-104.856394, 39.768581], [-104.837614, 39.767169], [-104.835253, 39.766881], [-104.832972, 39.766391], [-104.833009, 39.769177], [-104.828173, 39.769156], [-104.828185, 39.772784], [-104.781577, 39.772795], [-104.78156, 39.776483], [-104.772157, 39.776409], [-104.772166, 39.7715], [-104.764559, 39.771568], [-104.764574, 39.769188], [-104.753442, 39.769302], [-104.734601, 39.769181], [-104.734399, 39.798442], [-104.762606, 39.798433], [-104.762841, 39.800014], [-104.762646, 39.801589], [-104.762592, 39.820164], [-104.762462, 39.823443], [-104.666062, 39.822791], [-104.666182, 39.813075], [-104.655445, 39.812999], [-104.65539, 39.822605], [-104.619799, 39.822417], [-104.619152, 39.87322], [-104.605261, 39.873114], [-104.605154, 39.881346], [-104.59981, 39.881307], [-104.599581, 39.899038], [-104.620759, 39.899328], [-104.630945, 39.899291], [-104.630939, 39.906645], [-104.679664, 39.907008], [-104.679582, 39.914016], [-104.692054, 39.914178], [-104.692139, 39.906851], [-104.703185, 39.906926], [-104.703311, 39.895949], [-104.73039, 39.896131], [-104.730953, 39.845195], [-104.762279, 39.84539], [-104.762317, 39.841788], [-104.790859, 39.841802], [-104.790708, 39.827214], [-104.791054, 39.810462], [-104.790895, 39.798251], [-104.813987, 39.7983], [-104.827716, 39.798213], [-104.829286, 39.798054], [-104.845527, 39.798192], [-104.849342, 39.798347], [-104.866041, 39.798386], [-104.866074, 39.812847], [-104.884405, 39.812815], [-104.884474, 39.798322], [-104.899069, 39.798374], [-104.899069, 39.800202], [-104.901416, 39.800202], [-104.901405, 39.798383], [-104.903561, 39.798391], [-104.903438, 39.783808], [-104.927002, 39.783778], [-104.927034, 39.791054], [-104.940487, 39.791002], [-104.940476, 39.794601], [-104.955445, 39.794625], [-104.96019, 39.791025], [-104.968861, 39.791041], [-104.968863, 39.791317], [-104.968316, 39.791832], [-104.967936, 39.791831], [-104.967523, 39.793269], [-104.968773, 39.793215], [-104.968716, 39.798396], [-104.971644, 39.798291], [-104.971656, 39.796148], [-104.971157, 39.796144], [-104.97116, 39.795567], [-104.974667, 39.795608], [-104.974676, 39.794125], [-104.973057, 39.794114], [-104.973065, 39.792418], [-104.975951, 39.792422], [-104.97595, 39.791038], [-104.977724, 39.791042], [-104.977722, 39.791876], [-104.978271, 39.791874], [-104.978274, 39.791043], [-104.985185, 39.791038], [-104.985181, 39.791667], [-104.985782, 39.791665], [-104.985781, 39.79187], [-104.986358, 39.791871], [-104.986386, 39.791037], [-104.990263, 39.791031], [-104.990263, 39.791518], [-104.990629, 39.792047], [-104.99324, 39.792042], [-104.993242, 39.791026], [-105.020542, 39.791087], [-105.020554, 39.792941], [-105.021569, 39.793214], [-105.021106, 39.79428], [-105.021843, 39.794461], [-105.022191, 39.793797], [-105.022945, 39.793403], [-105.023448, 39.793454], [-105.024381, 39.794034], [-105.025303, 39.793963], [-105.025262, 39.791106], [-105.029944, 39.791125], [-105.029953, 39.792032], [-105.034645, 39.792051], [-105.034618, 39.791142], [-105.053246, 39.791063], [-105.053162, 39.799239], [-105.052825, 39.801754], [-105.052829, 39.803874], [-105.053256, 39.806497], [-105.053282, 39.821125], [-105.053188, 39.849649], [-105.052835, 39.852545], [-105.052847, 39.853229], [-105.053249, 39.854194], [-105.053339, 39.855978], [-105.053158, 39.857515], [-105.053298, 39.858875], [-105.052892, 39.914224], [-105.034347, 39.914181], [-105.0344, 39.921371], [-105.023548, 39.921317], [-105.023545, 39.919225], [-105.021552, 39.919207], [-105.021536, 39.921359], [-105.015469, 39.921309], [-105.015657, 39.943131], [-104.997025, 39.943239], [-104.997056, 39.946772], [-105.006265, 39.946805], [-105.006298, 39.950439], [-105.010992, 39.950474], [-105.010995, 39.951344], [-105.012533, 39.950344], [-105.013279, 39.950559], [-105.01554, 39.951644], [-105.016856, 39.952842], [-105.01641, 39.954101], [-105.015565, 39.955188], [-105.01568, 39.956665], [-105.015691, 39.970437], [-105.013417, 39.970465], [-105.013409, 39.972265], [-105.015722, 39.972276], [-105.015845, 39.981193], [-104.997423, 39.981213], [-104.997398, 39.97842], [-104.999476, 39.978416], [-104.999474, 39.977582], [-104.998404, 39.977586], [-104.998389, 39.975805], [-104.997379, 39.975785], [-104.99725, 39.968529], [-104.988108, 39.968468], [-104.988108, 39.972175], [-104.997065, 39.972149], [-104.99708, 39.973954], [-104.99438, 39.973953], [-104.994411, 39.975803], [-104.987784, 39.975746], [-104.987746, 39.986483], [-104.987581, 39.987113], [-104.986768, 39.989107], [-104.981607, 39.998657], [-104.980944, 40.000325], [-104.484812, 40.000589], [-104.395378, 40.000822], [-104.38138, 40.00069], [-104.301496, 40.000765], [-104.267386, 40.000921], [-104.169334, 40.000781], [-104.038027, 40.001049], [-104.0375, 40.001238], [-104.03715, 40.001125], [-104.002979, 40.001057], [-104.000505, 40.001059], [-104.000505, 40.001167], [-103.867743, 40.001199], [-103.863842, 40.001478], [-103.861467, 40.001215], [-103.740621, 40.001354], [-103.729803, 40.001212], [-103.716797, 40.001407], [-103.705701, 40.001366], [-103.705826, 39.999984], [-103.705695, 39.985114], [-103.706244, 39.95888], [-103.7061, 39.906686], [-103.706295, 39.888999], [-103.706246, 39.830452], [-103.706519, 39.783491], [-103.706547, 39.739894], [-103.723936, 39.739785], [-103.793957, 39.740045], [-103.800199, 39.740201], [-103.866063, 39.740236], [-103.919288, 39.74067], [-103.965516, 39.740518], [-103.972303, 39.740401], [-103.974341, 39.739984], [-103.977636, 39.740267], [-104.115069, 39.739774], [-104.209511, 39.739018], [-104.264987, 39.738877], [-104.340209, 39.738247], [-104.404938, 39.738002], [-104.409673, 39.738109], [-104.507378, 39.73825], [-104.558884, 39.73933], [-104.599112, 39.739849], [-104.624643, 39.740077], [-104.627962, 39.739906], [-104.630422, 39.7395], [-104.636401, 39.739673], [-104.638699, 39.739488], [-104.641525, 39.739848], [-104.644152, 39.73972], [-104.652803, 39.739778], [-104.658013, 39.740387], [-104.66027, 39.740482], [-104.667913, 39.740226], [-104.678302, 39.740188], [-104.678305, 39.739995], [-104.710633, 39.740124], [-104.710667, 39.740255], [-104.726715, 39.740294], [-104.73132, 39.740835], [-104.732787, 39.74073], [-104.735645, 39.740254], [-104.801466, 39.740286], [-104.810127, 39.740141], [-104.820771, 39.740308], [-104.841296, 39.740309], [-104.884646, 39.740156], [-104.884664, 39.747467]]]}}, {"type": "Feature", "properties": {"name": "Denver"}, "geometry": {"type": "MultiPolygon", "coordinates": [[[[-104.934135, 39.700181], [-104.931714, 39.700208], [-104.931651, 39.698398], [-104.934076, 39.698436], [-104.934135, 39.700181]]], [[[-105.109924, 39.62716], [-105.109875, 39.635072], [-105.091103, 39.635083], [-105.0911, 39.638719], [-105.081676, 39.638759], [-105.081578, 39.638667], [-105.081716, 39.636867], [-105.081541, 39.636721], [-105.081565, 39.636166], [-105.080299, 39.636209], [-105.07995, 39.636643], [-105.07945, 39.636727], [-105.077147, 39.636413], [-105.075222, 39.636515], [-105.074176, 39.636752], [-105.073307, 39.636563], [-105.073271, 39.63874], [-105.076803, 39.638735], [-105.076773, 39.639353], [-105.075897, 39.64118], [-105.07576, 39.64205], [-105.074454, 39.644104], [-105.073816, 39.644628], [-105.072326, 39.64535], [-105.072093, 39.645647], [-105.072045, 39.645984], [-105.063223, 39.645992], [-105.063197, 39.649626], [-105.057091, 39.649701], [-105.057073, 39.651248], [-105.053581, 39.65116], [-105.053754, 39.651727], [-105.054513, 39.65176], [-105.055026, 39.651992], [-105.057165, 39.651986], [-105.05715, 39.652946], [-105.058031, 39.652959], [-105.058059, 39.651251], [-105.062002, 39.65124], [-105.061999, 39.651515], [-105.062598, 39.651513], [-105.062626, 39.650267], [-105.0639, 39.650295], [-105.063924, 39.649566], [-105.070833, 39.649579], [-105.07083, 39.649999], [-105.069917, 39.649991], [-105.069121, 39.651301], [-105.068206, 39.652188], [-105.068057, 39.652188], [-105.068053, 39.65249], [-105.06749, 39.652491], [-105.067477, 39.653321], [-105.067278, 39.653319], [-105.067288, 39.656879], [-105.070144, 39.656874], [-105.070016, 39.659071], [-105.071971, 39.659604], [-105.071973, 39.660024], [-105.076676, 39.659312], [-105.076677, 39.659887], [-105.078158, 39.660759], [-105.079163, 39.662041], [-105.081453, 39.662056], [-105.081348, 39.670133], [-105.079183, 39.669738], [-105.079212, 39.669339], [-105.07667, 39.669061], [-105.076664, 39.669413], [-105.075986, 39.669307], [-105.075889, 39.669991], [-105.075306, 39.670058], [-105.074951, 39.670485], [-105.07271, 39.669742], [-105.072546, 39.669423], [-105.071997, 39.669344], [-105.071991, 39.667763], [-105.053256, 39.667785], [-105.053251, 39.675037], [-105.062622, 39.675008], [-105.06262, 39.67928], [-105.061422, 39.678258], [-105.061005, 39.678041], [-105.060335, 39.677954], [-105.057794, 39.678697], [-105.057797, 39.682272], [-105.053221, 39.682291], [-105.053191, 39.682397], [-105.053227, 39.73311], [-105.054424, 39.733101], [-105.054427, 39.73364], [-105.055013, 39.733724], [-105.055011, 39.7331], [-105.055588, 39.733105], [-105.055591, 39.734508], [-105.055572, 39.734913], [-105.053228, 39.734922], [-105.053183, 39.783797], [-105.062659, 39.783847], [-105.062653, 39.78834], [-105.064992, 39.788359], [-105.065005, 39.790321], [-105.064404, 39.79032], [-105.064405, 39.79108], [-105.062642, 39.791086], [-105.062646, 39.790501], [-105.061786, 39.7905], [-105.06148, 39.791075], [-105.034618, 39.791142], [-105.034645, 39.792051], [-105.029953, 39.792032], [-105.029944, 39.791125], [-105.025262, 39.791106], [-105.025303, 39.793963], [-105.024381, 39.794034], [-105.023448, 39.793454], [-105.022945, 39.793403], [-105.022191, 39.793797], [-105.021843, 39.794461], [-105.021106, 39.79428], [-105.021569, 39.793214], [-105.020554, 39.792941], [-105.020542, 39.791087], [-104.993242, 39.791026], [-104.99324, 39.792042], [-104.990629, 39.792047], [-104.990263, 39.791518], [-104.990263, 39.791031], [-104.986386, 39.791037], [-104.986358, 39.791871], [-104.985781, 39.79187], [-104.985782, 39.791665], [-104.985181, 39.791667], [-104.985185, 39.791038], [-104.978274, 39.791043], [-104.978271, 39.791874], [-104.977722, 39.791876], [-104.977724, 39.791042], [-104.97595, 39.791038], [-104.975951, 39.792422], [-104.973065, 39.792418], [-104.973057, 39.794114], [-104.974676, 39.794125], [-104.974667, 39.795608], [-104.97116, 39.795567], [-104.971157, 39.796144], [-104.971656, 39.796148], [-104.971644, 39.798291], [-104.968716, 39.798396], [-104.968773, 39.793215], [-104.967523, 39.793269], [-104.967936, 39.791831], [-104.968316, 39.791832], [-104.968863, 39.791317], [-104.968861, 39.791041], [-104.96019, 39.791025], [-104.955445, 39.794625], [-104.940476, 39.794601], [-104.940487, 39.791002], [-104.927034, 39.791054], [-104.927002, 39.783778], [-104.903438, 39.783808], [-104.903561, 39.798391], [-104.901405, 39.798383], [-104.901416, 39.800202], [-104.899069, 39.800202], [-104.899069, 39.798374], [-104.884474, 39.798322], [-104.884405, 39.812815], [-104.866074, 39.812847], [-104.866041, 39.798386], [-104.849342, 39.798347], [-104.845527, 39.798192], [-104.829286, 39.798054], [-104.827716, 39.798213], [-104.813987, 39.7983], [-104.790895, 39.798251], [-104.791054, 39.810462], [-104.790708, 39.827214], [-104.790859, 39.841802], [-104.762317, 39.841788], [-104.762279, 39.84539], [-104.730953, 39.845195], [-104.73039, 39.896131], [-104.703311, 39.895949], [-104.703185, 39.906926], [-104.692139, 39.906851], [-104.692054, 39.914178], [-104.679582, 39.914016], [-104.679664, 39.907008], [-104.630939, 39.906645], [-104.630945, 39.899291], [-104.620759, 39.899328], [-104.599581, 39.899038], [-104.59981, 39.881307], [-104.605154, 39.881346], [-104.605261, 39.873114], [-104.619152, 39.87322], [-104.619799, 39.822417], [-104.65539, 39.822605], [-104.655445, 39.812999], [-104.666182, 39.813075], [-104.666062, 39.822791], [-104.762462, 39.823443], [-104.762592, 39.820164], [-104.762646, 39.801589], [-104.762841, 39.800014], [-104.762606, 39.798433], [-104.734399, 39.798442], [-104.734601, 39.769181], [-104.753442, 39.769302], [-104.764574, 39.769188], [-104.764559, 39.771568], [-104.772166, 39.7715], [-104.772157, 39.776409], [-104.78156, 39.776483], [-104.781577, 39.772795], [-104.828185, 39.772784], [-104.828173, 39.769156], [-104.833009, 39.769177], [-104.832972, 39.766391], [-104.835253, 39.766881], [-104.837614, 39.767169], [-104.856394, 39.768581], [-104.856338, 39.758127], [-104.85552, 39.757796], [-104.855016, 39.757926], [-104.854862, 39.757844], [-104.854351, 39.758062], [-104.853489, 39.75762], [-104.852036, 39.757313], [-104.850786, 39.756743], [-104.848208, 39.756419], [-104.848002, 39.755449], [-104.847716, 39.75524], [-104.846916, 39.755241], [-104.84694, 39.754687], [-104.879901, 39.754735], [-104.879971, 39.747438], [-104.884664, 39.747467], [-104.884711, 39.73093], [-104.885248, 39.730086], [-104.886613, 39.729219], [-104.884732, 39.727887], [-104.881934, 39.72496], [-104.88117, 39.725341], [-104.87999, 39.725604], [-104.87533, 39.725576], [-104.875277, 39.718805], [-104.874947, 39.71845], [-104.87432, 39.718201], [-104.870596, 39.718176], [-104.870625, 39.710174], [-104.865971, 39.711053], [-104.865967, 39.703807], [-104.868662, 39.703008], [-104.869426, 39.701319], [-104.869393, 39.701089], [-104.870648, 39.700535], [-104.870662, 39.698377], [-104.868301, 39.698371], [-104.868309, 39.700192], [-104.867136, 39.700188], [-104.867133, 39.69928], [-104.865964, 39.699279], [-104.865962, 39.696559], [-104.875309, 39.696505], [-104.875318, 39.698438], [-104.877728, 39.698438], [-104.87772, 39.696508], [-104.894099, 39.696596], [-104.894092, 39.695868], [-104.894766, 39.69587], [-104.894766, 39.696597], [-104.896814, 39.696588], [-104.899099, 39.695395], [-104.899426, 39.695748], [-104.899642, 39.69576], [-104.900379, 39.69655], [-104.899757, 39.69715], [-104.903544, 39.698535], [-104.903507, 39.696622], [-104.900115, 39.692985], [-104.903511, 39.69297], [-104.903512, 39.689354], [-104.89881, 39.689341], [-104.898784, 39.690702], [-104.898128, 39.690697], [-104.898796, 39.691387], [-104.898801, 39.692975], [-104.894176, 39.69296], [-104.894058, 39.685694], [-104.889328, 39.685684], [-104.889308, 39.682056], [-104.894046, 39.682061], [-104.894058, 39.678448], [-104.90344, 39.678598], [-104.903443, 39.684857], [-104.905223, 39.686058], [-104.905191, 39.683862], [-104.904597, 39.683868], [-104.904591, 39.680318], [-104.908096, 39.680306], [-104.908094, 39.679726], [-104.906982, 39.679737], [-104.906984, 39.678796], [-104.905056, 39.678032], [-104.903579, 39.676675], [-104.903509, 39.667624], [-104.894024, 39.667589], [-104.890204, 39.66451], [-104.888352, 39.665674], [-104.88904, 39.665775], [-104.889668, 39.666285], [-104.890458, 39.667578], [-104.885164, 39.667566], [-104.879525, 39.663927], [-104.876211, 39.663932], [-104.875793, 39.664305], [-104.875543, 39.664888], [-104.87538, 39.668651], [-104.876355, 39.671095], [-104.877459, 39.672066], [-104.875312, 39.672062], [-104.875291, 39.674766], [-104.870882, 39.674764], [-104.866051, 39.670847], [-104.866203, 39.661762], [-104.866334, 39.660309], [-104.856441, 39.66034], [-104.855894, 39.660482], [-104.855437, 39.660804], [-104.853367, 39.65998], [-104.848678, 39.659218], [-104.8486, 39.657096], [-104.847296, 39.657102], [-104.848621, 39.656595], [-104.852312, 39.655768], [-104.85405, 39.65515], [-104.868196, 39.647068], [-104.870048, 39.646284], [-104.871188, 39.646229], [-104.872921, 39.645854], [-104.875573, 39.64499], [-104.875454, 39.651466], [-104.877, 39.65305], [-104.88014, 39.653057], [-104.880086, 39.650773], [-104.880313, 39.645902], [-104.880332, 39.64131], [-104.88512, 39.638948], [-104.885264, 39.624129], [-104.913407, 39.624083], [-104.913227, 39.638669], [-104.92246, 39.645849], [-104.931873, 39.645826], [-104.931703, 39.653044], [-104.954983, 39.652987], [-104.954375, 39.655886], [-104.953541, 39.655957], [-104.953788, 39.656683], [-104.959485, 39.656691], [-104.959443, 39.661526], [-104.96307, 39.661559], [-104.963084, 39.660371], [-104.968785, 39.660417], [-104.968805, 39.665839], [-104.973489, 39.665866], [-104.973486, 39.667684], [-105.000355, 39.667728], [-105.003578, 39.666611], [-105.003969, 39.666255], [-105.00407, 39.665527], [-105.004886, 39.663685], [-105.00484, 39.661672], [-105.004626, 39.660802], [-105.004395, 39.660484], [-105.010941, 39.660507], [-105.007752, 39.664605], [-105.006321, 39.6677], [-105.006357, 39.676759], [-105.008637, 39.67678], [-105.008664, 39.678627], [-105.015696, 39.678684], [-105.0158, 39.660508], [-105.022982, 39.660496], [-105.023003, 39.656804], [-105.033076, 39.656954], [-105.032393, 39.656506], [-105.032089, 39.655905], [-105.032162, 39.653276], [-105.034615, 39.653276], [-105.03466, 39.643711], [-105.032729, 39.643674], [-105.032797, 39.642808], [-105.02998, 39.642819], [-105.029927, 39.640176], [-105.029998, 39.638575], [-105.034707, 39.638593], [-105.034756, 39.633177], [-105.030059, 39.633183], [-105.029656, 39.632367], [-105.028895, 39.632343], [-105.026942, 39.631563], [-105.02536, 39.631445], [-105.025422, 39.628558], [-105.027179, 39.628412], [-105.02932, 39.627792], [-105.031101, 39.627791], [-105.03342, 39.628179], [-105.034821, 39.628176], [-105.034822, 39.627809], [-105.035813, 39.627838], [-105.036802, 39.628129], [-105.038005, 39.626836], [-105.040062, 39.628061], [-105.040279, 39.627758], [-105.040654, 39.628009], [-105.040936, 39.627749], [-105.041356, 39.628026], [-105.041744, 39.627672], [-105.042301, 39.628036], [-105.042807, 39.627579], [-105.044161, 39.628039], [-105.044139, 39.631456], [-105.05341, 39.631504], [-105.053342, 39.63877], [-105.059045, 39.63876], [-105.059138, 39.638243], [-105.058996, 39.638177], [-105.059541, 39.635375], [-105.059297, 39.634333], [-105.057009, 39.631679], [-105.053457, 39.629526], [-105.05344, 39.627714], [-105.05578, 39.625998], [-105.055809, 39.624244], [-105.053483, 39.624253], [-105.053516, 39.620864], [-105.054338, 39.620824], [-105.056273, 39.621104], [-105.05724, 39.620914], [-105.057386, 39.620492], [-105.056489, 39.619918], [-105.05712, 39.619368], [-105.058193, 39.617366], [-105.058125, 39.614409], [-105.09701, 39.614311], [-105.097029, 39.618362], [-105.087252, 39.618317], [-105.084297, 39.618584], [-105.065141, 39.618582], [-105.065091, 39.620045], [-105.065662, 39.6206], [-105.076116, 39.624225], [-105.074517, 39.624227], [-105.076273, 39.625095], [-105.080232, 39.629461], [-105.080952, 39.631327], [-105.083712, 39.631327], [-105.083735, 39.630155], [-105.081693, 39.630149], [-105.08173, 39.627313], [-105.083813, 39.627318], [-105.083789, 39.628527], [-105.08558, 39.628527], [-105.085626, 39.626107], [-105.087391, 39.626046], [-105.087384, 39.62709], [-105.091164, 39.627081], [-105.091256, 39.624198], [-105.107503, 39.624218], [-105.107496, 39.627093], [-105.109924, 39.62716]], [[-104.904032, 39.624116], [-104.902904, 39.624181], [-104.902796, 39.624304], [-104.903285, 39.625954], [-104.903787, 39.626828], [-104.903917, 39.626829], [-104.904049, 39.625436], [-104.904032, 39.624116]], [[-105.081605, 39.635002], [-105.08087, 39.635001], [-105.08087, 39.635683], [-105.081573, 39.635688], [-105.081605, 39.635002]], [[-105.06356, 39.651859], [-105.062589, 39.651854], [-105.06256, 39.652991], [-105.063539, 39.652979], [-105.06356, 39.651859]], [[-105.064997, 39.653774], [-105.064988, 39.653331], [-105.06389, 39.653333], [-105.063898, 39.65378], [-105.064997, 39.653774]], [[-104.930242, 39.674832], [-104.926429, 39.669394], [-104.924941, 39.669304], [-104.925086, 39.668977], [-104.924712, 39.668429], [-104.922669, 39.667843], [-104.92266, 39.667578], [-104.921277, 39.667579], [-104.921425, 39.66776], [-104.920702, 39.668168], [-104.920572, 39.668035], [-104.921008, 39.667778], [-104.920307, 39.667115], [-104.920579, 39.666935], [-104.922221, 39.666947], [-104.92224, 39.66376], [-104.921547, 39.662847], [-104.921572, 39.662552], [-104.921866, 39.662249], [-104.921016, 39.660338], [-104.918875, 39.660338], [-104.918885, 39.659921], [-104.918614, 39.659922], [-104.918247, 39.659347], [-104.917893, 39.659149], [-104.917812, 39.659314], [-104.916757, 39.65901], [-104.916863, 39.658795], [-104.915898, 39.658508], [-104.916253, 39.658088], [-104.916031, 39.657508], [-104.915513, 39.657519], [-104.915513, 39.657136], [-104.915896, 39.657149], [-104.916572, 39.656119], [-104.915863, 39.656048], [-104.915771, 39.65635], [-104.91525, 39.656173], [-104.912985, 39.656209], [-104.91297, 39.663133], [-104.915039, 39.66314], [-104.915939, 39.663471], [-104.91595, 39.666152], [-104.916389, 39.666154], [-104.916378, 39.667585], [-104.917544, 39.66758], [-104.917559, 39.672983], [-104.919298, 39.673917], [-104.920487, 39.674141], [-104.92105, 39.674562], [-104.921047, 39.674836], [-104.92225, 39.674833], [-104.922253, 39.675616], [-104.922353, 39.675665], [-104.922866, 39.675704], [-104.923414, 39.675475], [-104.92343, 39.676645], [-104.924465, 39.676648], [-104.924464, 39.676207], [-104.924759, 39.676153], [-104.924754, 39.676353], [-104.925283, 39.676353], [-104.925286, 39.676641], [-104.925746, 39.676641], [-104.925725, 39.675281], [-104.927582, 39.675273], [-104.927576, 39.674826], [-104.930242, 39.674832]], [[-104.933885, 39.673347], [-104.933878, 39.671192], [-104.933031, 39.671193], [-104.933028, 39.670555], [-104.931695, 39.670564], [-104.931622, 39.667473], [-104.930436, 39.667471], [-104.930497, 39.668485], [-104.929256, 39.668481], [-104.929257, 39.66938], [-104.928073, 39.669374], [-104.928081, 39.668966], [-104.927201, 39.668965], [-104.929651, 39.672382], [-104.93078, 39.672387], [-104.930776, 39.672809], [-104.931633, 39.672808], [-104.931641, 39.673374], [-104.933885, 39.673347]], [[-104.91104, 39.679887], [-104.908203, 39.679883], [-104.908205, 39.68207], [-104.911032, 39.682073], [-104.91104, 39.679887]], [[-104.902671, 39.685712], [-104.899347, 39.683737], [-104.898783, 39.683402], [-104.898786, 39.685704], [-104.902671, 39.685712]], [[-104.929313, 39.701272], [-104.928766, 39.70128], [-104.928299, 39.701274], [-104.929182, 39.702043], [-104.92931, 39.702037], [-104.929313, 39.701272]], [[-104.940684, 39.711076], [-104.940729, 39.697724], [-104.94, 39.697723], [-104.94, 39.697921], [-104.938538, 39.697928], [-104.93853, 39.696605], [-104.940612, 39.69657], [-104.940625, 39.6954], [-104.939498, 39.695405], [-104.939505, 39.694762], [-104.936213, 39.694782], [-104.936233, 39.696599], [-104.93645, 39.696601], [-104.936457, 39.697853], [-104.935858, 39.697854], [-104.935868, 39.696599], [-104.928183, 39.696634], [-104.928185, 39.698428], [-104.928778, 39.698427], [-104.928778, 39.70022], [-104.932831, 39.700286], [-104.932873, 39.701321], [-104.934143, 39.70132], [-104.934171, 39.703771], [-104.933189, 39.703768], [-104.932842, 39.703615], [-104.932869, 39.702048], [-104.931712, 39.702057], [-104.931705, 39.703858], [-104.926991, 39.703857], [-104.926963, 39.706699], [-104.929118, 39.706787], [-104.929119, 39.70641], [-104.92959, 39.706414], [-104.92958, 39.708587], [-104.93157, 39.709096], [-104.931648, 39.711098], [-104.940684, 39.711076]]]]}}, {"type": "Feature", "properties": {"name": "Weld"}, "geometry": {"type": "MultiPolygon", "coordinates": [[[[-104.979917, 40.029486], [-104.979911, 40.033053], [-104.979459, 40.033052], [-104.978259, 40.033471], [-104.977854, 40.033377], [-104.977635, 40.033057], [-104.97305, 40.033037], [-104.973074, 40.029512], [-104.979917, 40.029486]]], [[[-104.484812, 40.000589], [-104.961405, 40.000337], [-104.961538, 40.000404], [-104.96152, 40.011188], [-104.961483, 40.014979], [-104.96132, 40.014982], [-104.961157, 40.044144], [-104.978526, 40.043888], [-104.979242, 40.043758], [-104.979905, 40.042111], [-104.979927, 40.040313], [-104.980041, 40.040316], [-104.980063, 40.029325], [-104.9865, 40.029309], [-104.986543, 40.025799], [-104.999007, 40.025776], [-104.999005, 40.023509], [-104.996742, 40.023509], [-104.996784, 40.02082], [-104.999015, 40.020938], [-104.999013, 40.020627], [-104.996038, 40.020556], [-104.995792, 40.020361], [-104.996313, 40.019196], [-104.996905, 40.018492], [-104.99751, 40.018096], [-104.998111, 40.016984], [-104.99907, 40.016131], [-104.999065, 40.014887], [-104.989614, 40.01489], [-104.989647, 40.007679], [-105.007995, 40.007581], [-105.007906, 40.000483], [-105.046232, 40.000466], [-105.046237, 40.000265], [-105.055518, 40.000251], [-105.055369, 40.029185], [-105.055505, 40.043937], [-105.055402, 40.140878], [-105.055193, 40.181063], [-105.055194, 40.223148], [-105.054923, 40.239713], [-105.055105, 40.249011], [-105.055108, 40.310159], [-105.055376, 40.31908], [-105.055221, 40.321045], [-105.055135, 40.335183], [-105.055399, 40.337356], [-105.055728, 40.338477], [-105.055714, 40.339355], [-105.05672, 40.349281], [-104.945551, 40.349099], [-104.944364, 40.417587], [-104.944222, 40.435894], [-104.944147, 40.486445], [-104.944032, 40.488604], [-104.944248, 40.531735], [-104.944056, 40.566387], [-104.944103, 40.598079], [-104.943949, 40.63496], [-104.943483, 40.652571], [-104.943096, 40.69326], [-104.94311, 40.696495], [-104.943543, 40.696509], [-104.943348, 40.746707], [-104.943464, 40.764939], [-104.943337, 40.776758], [-104.943541, 40.826876], [-104.943211, 40.882264], [-104.943091, 40.884895], [-104.943052, 40.910914], [-104.943371, 40.998213], [-104.882452, 40.998186], [-104.87005, 40.998299], [-104.855273, 40.998048], [-104.835848, 40.998929], [-104.778847, 40.999769], [-104.750523, 40.999982], [-104.675999, 41.000957], [-104.625519, 41.001428], [-104.577579, 41.001559], [-104.487217, 41.001693], [-104.467672, 41.001473], [-104.420552, 41.001454], [-104.355775, 41.001493], [-104.3461, 41.001534], [-104.343578, 41.00176], [-104.342366, 41.001569], [-104.33711, 41.001671], [-104.250507, 41.00172], [-104.250507, 41.00162], [-104.212202, 41.001563], [-104.173436, 41.00177], [-104.162579, 41.001569], [-104.125505, 41.001705], [-104.125505, 41.00161], [-104.10459, 41.001543], [-104.067016, 41.001785], [-104.067013, 41.001615], [-104.054077, 41.001615], [-104.053249, 41.001406], [-104.051529, 41.001527], [-104.039238, 41.001502], [-104.023383, 41.001887], [-104.018223, 41.001617], [-104.000503, 41.001817], [-103.97224, 41.001664], [-103.971372, 41.001531], [-103.933666, 41.00169], [-103.931992, 41.001814], [-103.912075, 41.001628], [-103.897274, 41.001676], [-103.896676, 41.001698], [-103.896305, 41.001905], [-103.895629, 41.001718], [-103.796086, 41.001765], [-103.76334, 41.001468], [-103.687745, 41.001781], [-103.669054, 41.001442], [-103.636282, 41.001649], [-103.625494, 41.001542], [-103.618345, 41.001726], [-103.573774, 41.001716], [-103.573446, 40.992678], [-103.573337, 40.978533], [-103.573948, 40.963296], [-103.573569, 40.925208], [-103.573821, 40.923054], [-103.573671, 40.91721], [-103.573699, 40.901887], [-103.573489, 40.898578], [-103.573721, 40.893054], [-103.57375, 40.883636], [-103.573966, 40.876187], [-103.573609, 40.861835], [-103.573216, 40.789166], [-103.574301, 40.702018], [-103.580371, 40.702023], [-103.58049, 40.683134], [-103.581013, 40.654359], [-103.5809, 40.653657], [-103.581511, 40.624983], [-103.5814, 40.615944], [-103.581608, 40.613769], [-103.581462, 40.610707], [-103.581626, 40.605392], [-103.581503, 40.603569], [-103.581552, 40.596471], [-103.581754, 40.596177], [-103.581621, 40.59614], [-103.58162, 40.595976], [-103.581837, 40.52316], [-103.638869, 40.522686], [-103.695926, 40.522018], [-103.803365, 40.524175], [-103.89839, 40.523874], [-104.022602, 40.524358], [-104.147714, 40.524389], [-104.147495, 40.495448], [-104.146745, 40.437666], [-104.14655, 40.437665], [-104.146523, 40.430088], [-104.147152, 40.400698], [-104.147521, 40.350964], [-104.147536, 40.350245], [-104.150494, 40.350245], [-104.150538, 40.34748], [-104.150262, 40.318661], [-104.149975, 40.24998], [-104.150058, 40.217969], [-104.149908, 40.182734], [-104.1498, 40.18087], [-104.149902, 40.180743], [-104.150143, 40.116737], [-104.150332, 40.000856], [-104.267386, 40.000921], [-104.336356, 40.000725], [-104.38138, 40.00069], [-104.395378, 40.000822], [-104.484812, 40.000589]]]]}}, {"type": "Feature", "properties": {"name": "El Paso"}, "geometry": {"type": "Polygon", "coordinates": [[[-105.033473, 39.129783], [-105.000551, 39.13004], [-104.903002, 39.129934], [-104.903088, 39.129808], [-104.902945, 39.129935], [-104.896079, 39.12998], [-104.868471, 39.129835], [-104.849109, 39.13001], [-104.825257, 39.129715], [-104.735546, 39.12967], [-104.671022, 39.129479], [-104.665017, 39.129585], [-104.637448, 39.129487], [-104.63522, 39.129591], [-104.634325, 39.12948], [-104.628124, 39.12944], [-104.624279, 39.129485], [-104.621866, 39.1298], [-104.613444, 39.129441], [-104.591595, 39.12939], [-104.499916, 39.129513], [-104.483952, 39.129749], [-104.464635, 39.129666], [-104.463519, 39.129803], [-104.461151, 39.129543], [-104.450685, 39.129409], [-104.347926, 39.128855], [-104.310785, 39.129024], [-104.291976, 39.128715], [-104.264236, 39.128659], [-104.241151, 39.128825], [-104.236188, 39.128631], [-104.201769, 39.128588], [-104.180943, 39.128741], [-104.174172, 39.128402], [-104.160932, 39.128679], [-104.125515, 39.128653], [-104.124979, 39.12889], [-104.105958, 39.128493], [-104.088569, 39.128318], [-104.077743, 39.128453], [-104.051589, 39.12837], [-104.052011, 39.11418], [-104.052162, 39.100464], [-104.053461, 39.043828], [-104.053363, 39.000683], [-104.053064, 38.955968], [-104.054052, 38.9179], [-104.055539, 38.868683], [-104.055122, 38.839834], [-104.054577, 38.782369], [-104.054335, 38.780686], [-104.054262, 38.778509], [-104.053976, 38.759877], [-104.051942, 38.694347], [-104.052982, 38.694341], [-104.053232, 38.681637], [-104.05334, 38.681637], [-104.053379, 38.679842], [-104.053706, 38.652935], [-104.054083, 38.638668], [-104.054447, 38.570566], [-104.054439, 38.543732], [-104.05426, 38.522392], [-104.083468, 38.522434], [-104.090179, 38.522004], [-104.124347, 38.521746], [-104.150152, 38.521732], [-104.165285, 38.522271], [-104.193522, 38.521834], [-104.251568, 38.521268], [-104.375521, 38.520607], [-104.381807, 38.520733], [-104.396113, 38.520703], [-104.410798, 38.520617], [-104.413118, 38.520461], [-104.42286, 38.520338], [-104.440198, 38.520456], [-104.479992, 38.52029], [-104.500523, 38.519898], [-104.532637, 38.519843], [-104.590997, 38.520004], [-104.604108, 38.520298], [-104.62643, 38.519927], [-104.660376, 38.519754], [-104.684322, 38.51944], [-104.74135, 38.519652], [-104.75053, 38.519871], [-104.770579, 38.519839], [-104.796104, 38.520165], [-104.798122, 38.519984], [-104.815976, 38.520029], [-104.826057, 38.519775], [-104.836167, 38.51998], [-104.86615, 38.519857], [-104.866674, 38.520017], [-104.881971, 38.520088], [-104.888343, 38.519909], [-104.895683, 38.5203], [-104.932949, 38.520286], [-104.941582, 38.519566], [-104.94213, 38.567541], [-104.942528, 38.624993], [-104.942203, 38.649892], [-104.942323, 38.664447], [-104.942195, 38.671749], [-104.942229, 38.696268], [-104.939715, 38.696319], [-104.939528, 38.703482], [-104.938961, 38.710524], [-104.939376, 38.749988], [-104.939492, 38.782382], [-104.939869, 38.796543], [-104.948775, 38.798559], [-104.958047, 38.798365], [-104.975082, 38.798275], [-104.994688, 38.79855], [-105.01555, 38.797821], [-105.029011, 38.798053], [-105.054363, 38.799475], [-105.072184, 38.799382], [-105.072529, 38.8084], [-105.072371, 38.811087], [-105.06766, 38.858991], [-105.067909, 38.859384], [-105.067951, 38.859881], [-105.067409, 38.862153], [-105.067559, 38.86267], [-105.067423, 38.863998], [-105.066441, 38.869177], [-105.055027, 38.869094], [-105.047369, 38.868855], [-105.028633, 38.86873], [-105.028314, 38.883243], [-105.027719, 38.897722], [-105.027881, 38.912214], [-105.027393, 38.926696], [-105.027108, 38.94909], [-105.027041, 38.956567], [-105.02733, 38.966471], [-105.0273, 38.985375], [-105.029945, 38.999632], [-105.027691, 39.01485], [-105.027139, 39.028954], [-105.033473, 39.129783]]]}}]}