{"type": "FeatureCollection", "features": [{"type": "Feature", "properties": {"key": "glendale", "name": "Glendale"}, "geometry": {"type": "MultiPolygon", "coordinates": [[[[-104.92931, 39.702037], [-104.929053, 39.701949], [-104.928299, 39.701274], [-104.929313, 39.701272], [-104.92931, 39.702037]]], [[[-104.940729, 39.697724], [-104.940684, 39.711076], [-104.931648, 39.711098], [-104.93157, 39.709096], [-104.92958, 39.708587], [-104.92959, 39.706414], [-104.929119, 39.70641], [-104.929118, 39.706787], [-104.926963, 39.706699], [-104.926991, 39.703857], [-104.931705, 39.703858], [-104.931712, 39.702057], [-104.932869, 39.702048], [-104.932842, 39.703615], [-104.933189, 39.703768], [-104.934171, 39.703771], [-104.934143, 39.70132], [-104.932873, 39.701321], [-104.932831, 39.700286], [-104.928778, 39.70022], [-104.928778, 39.698427], [-104.928185, 39.698428], [-104.928183, 39.696634], [-104.935868, 39.696599], [-104.935858, 39.697854], [-104.936457, 39.697853], [-104.93645, 39.696601], [-104.936233, 39.696599], [-104.936213, 39.694782], [-104.939505, 39.694762], [-104.939498, 39.695405], [-104.940625, 39.6954], [-104.940612, 39.69657], [-104.93853, 39.696605], [-104.938538, 39.697928], [-104.94, 39.697921], [-104.94, 39.697723], [-104.940729, 39.697724]], [[-104.934135, 39.700144], [-104.934076, 39.698436], [-104.931651, 39.698398], [-104.931714, 39.700208], [-104.934135, 39.700144]]]]}}, {"type": "Feature", "properties": {"key": "aurora", "name": "Aurora"}, "geometry": {"type": "MultiPolygon", "coordinates": [[[[-104.54589, 39.804235], [-104.536484, 39.804105], [-104.536456, 39.796819], [-104.545856, 39.796966], [-104.54589, 39.804235]]], [[[-104.572757, 39.746553], [-104.57275, 39.747512], [-104.571263, 39.747745], [-104.571432, 39.748389], [-104.570386, 39.748553], [-104.570316, 39.748284], [-104.5669, 39.748818], [-104.567175, 39.749899], [-104.545793, 39.753246], [-104.545785, 39.745215], [-104.541018, 39.745174], [-104.541018, 39.746052], [-104.536388, 39.745987], [-104.536399, 39.739383], [-104.545779, 39.739583], [-104.54578, 39.740663], [-104.548165, 39.740701], [-104.548167, 39.739626], [-104.563442, 39.739932], [-104.564508, 39.740301], [-104.564501, 39.746423], [-104.572757, 39.746553]]], [[[-104.580815, 39.747618], [-104.578591, 39.747967], [-104.57852, 39.747698], [-104.573989, 39.748409], [-104.57406, 39.748678], [-104.573937, 39.748697], [-104.573939, 39.746573], [-104.579453, 39.746662], [-104.580815, 39.747618]]], [[[-104.595155, 39.750518], [-104.592792, 39.750489], [-104.592814, 39.747149], [-104.595188, 39.746924], [-104.595155, 39.750518]]], [[[-104.601181, 39.741012], [-104.601146, 39.744434], [-104.583365, 39.747225], [-104.583372, 39.740181], [-104.600041, 39.740435], [-104.601296, 39.740715], [-104.601181, 39.741012]]], [[[-104.602794, 39.797718], [-104.60275, 39.812204], [-104.583587, 39.811963], [-104.583587, 39.812088], [-104.574173, 39.812007], [-104.573979, 39.797438], [-104.580196, 39.797526], [-104.580217, 39.79875], [-104.58343, 39.798797], [-104.583404, 39.79032], [-104.592778, 39.790384], [-104.592812, 39.797613], [-104.602794, 39.797718]], [[-104.583503, 39.80472], [-104.583147, 39.804725], [-104.583139, 39.805086], [-104.583506, 39.804999], [-104.583503, 39.80472]]], [[[-104.631285, 39.739846], [-104.631274, 39.740481], [-104.625952, 39.74335], [-104.623843, 39.743902], [-104.621849, 39.744126], [-104.621861, 39.741333], [-104.631285, 39.739846]]], [[[-104.650126, 39.725534], [-104.650078, 39.739207], [-104.640656, 39.738083], [-104.640748, 39.725533], [-104.650126, 39.725534]]], [[[-104.696757, 39.74543], [-104.695463, 39.745434], [-104.695471, 39.74662], [-104.66589, 39.743661], [-104.659562, 39.742522], [-104.65957, 39.742055], [-104.659817, 39.741405], [-104.661068, 39.741787], [-104.661422, 39.741749], [-104.662104, 39.741165], [-104.66386, 39.7407], [-104.665274, 39.74052], [-104.675568, 39.740524], [-104.67792, 39.740942], [-104.678172, 39.741765], [-104.678385, 39.741765], [-104.67863, 39.740912], [-104.680898, 39.740509], [-104.696734, 39.740547], [-104.696757, 39.74543]]], [[[-104.806502, 39.602196], [-104.805899, 39.602196], [-104.806055, 39.60249], [-104.80557, 39.602429], [-104.805521, 39.602525], [-104.796512, 39.602534], [-104.79661, 39.594924], [-104.802251, 39.594939], [-104.805846, 39.601484], [-104.806297, 39.602167], [-104.806502, 39.602196]]], [[[-104.826874, 39.602223], [-104.818387, 39.602165], [-104.818387, 39.601714], [-104.824106, 39.601736], [-104.824111, 39.601157], [-104.821811, 39.598471], [-104.821773, 39.598252], [-104.822157, 39.597245], [-104.821951, 39.596731], [-104.819967, 39.596085], [-104.816899, 39.596071], [-104.816647, 39.596501], [-104.816097, 39.598289], [-104.816256, 39.59979], [-104.815497, 39.599857], [-104.815377, 39.599232], [-104.815088, 39.598928], [-104.814984, 39.59857], [-104.813387, 39.598534], [-104.81275, 39.596941], [-104.812833, 39.595274], [-104.811731, 39.59537], [-104.811518, 39.595973], [-104.810844, 39.596655], [-104.810882, 39.598054], [-104.810914, 39.59822], [-104.811051, 39.59822], [-104.811048, 39.598451], [-104.810624, 39.59845], [-104.810657, 39.595145], [-104.807755, 39.595158], [-104.807755, 39.594915], [-104.802251, 39.594939], [-104.799667, 39.590181], [-104.797732, 39.587149], [-104.806015, 39.587182], [-104.806013, 39.587731], [-104.809848, 39.589619], [-104.810691, 39.5897], [-104.810703, 39.58775], [-104.815365, 39.587759], [-104.815301, 39.594759], [-104.820885, 39.594777], [-104.825422, 39.600044], [-104.826874, 39.602223]], [[-104.803536, 39.594727], [-104.802875, 39.593283], [-104.801517, 39.593278], [-104.802062, 39.594236], [-104.802912, 39.594233], [-104.803179, 39.594756], [-104.803536, 39.594727]]], [[[-104.877728, 39.698438], [-104.875318, 39.698438], [-104.875309, 39.696505], [-104.87772, 39.696508], [-104.877728, 39.698438]]], [[[-104.880313, 39.645902], [-104.88014, 39.653057], [-104.877, 39.65305], [-104.875454, 39.651466], [-104.875552, 39.644617], [-104.876104, 39.644373], [-104.876087, 39.645894], [-104.880313, 39.645902]]], [[[-104.886539, 39.729269], [-104.885248, 39.730086], [-104.884711, 39.73093], [-104.884664, 39.747467], [-104.879971, 39.747438], [-104.879901, 39.754735], [-104.84694, 39.754687], [-104.846916, 39.755241], [-104.847716, 39.75524], [-104.848002, 39.755449], [-104.848208, 39.756419], [-104.850786, 39.756743], [-104.852036, 39.757313], [-104.853489, 39.75762], [-104.854351, 39.758062], [-104.854862, 39.757844], [-104.855016, 39.757926], [-104.85552, 39.757796], [-104.856338, 39.758127], [-104.856394, 39.768581], [-104.837614, 39.767169], [-104.835253, 39.766881], [-104.832972, 39.766391], [-104.833009, 39.769177], [-104.828173, 39.769156], [-104.828185, 39.772784], [-104.781577, 39.772795], [-104.78156, 39.776483], [-104.772157, 39.776409], [-104.772166, 39.7715], [-104.764559, 39.771568], [-104.764574, 39.769188], [-104.753442, 39.769302], [-104.734601, 39.769181], [-104.734399, 39.798442], [-104.762606, 39.798433], [-104.762841, 39.800014], [-104.762646, 39.801589], [-104.762592, 39.820164], [-104.762462, 39.823443], [-104.753082, 39.823381], [-104.753112, 39.820172], [-104.74326, 39.820117], [-104.740548, 39.818525], [-104.737548, 39.817509], [-104.735188, 39.817113], [-104.729661, 39.816629], [-104.726366, 39.816104], [-104.725023, 39.81565], [-104.723994, 39.815016], [-104.722649, 39.813788], [-104.722443, 39.813382], [-104.722631, 39.813192], [-104.723621, 39.812966], [-104.723625, 39.812582], [-104.721965, 39.812287], [-104.721544, 39.811592], [-104.720042, 39.810026], [-104.71798, 39.806802], [-104.717234, 39.805013], [-104.717008, 39.802907], [-104.717588, 39.798863], [-104.717811, 39.798735], [-104.714754, 39.798724], [-104.714848, 39.798737], [-104.714864, 39.799802], [-104.715326, 39.801654], [-104.715577, 39.803773], [-104.715989, 39.805349], [-104.719231, 39.812061], [-104.719033, 39.812281], [-104.716151, 39.812542], [-104.716146, 39.812926], [-104.719237, 39.813191], [-104.719556, 39.813374], [-104.720109, 39.814385], [-104.721877, 39.815648], [-104.723436, 39.816461], [-104.725157, 39.817047], [-104.727337, 39.817422], [-104.7351, 39.817937], [-104.73745, 39.818346], [-104.737245, 39.820086], [-104.715465, 39.819995], [-104.696838, 39.820291], [-104.677999, 39.82007], [-104.668572, 39.82015], [-104.668597, 39.798063], [-104.648658, 39.797994], [-104.640327, 39.798111], [-104.640346, 39.822553], [-104.619799, 39.822417], [-104.619743, 39.826852], [-104.602708, 39.826671], [-104.60275, 39.812204], [-104.62152, 39.812326], [-104.62154, 39.797748], [-104.602795, 39.797664], [-104.602836, 39.783191], [-104.593072, 39.78314], [-104.593112, 39.779538], [-104.588253, 39.779497], [-104.588263, 39.775855], [-104.593142, 39.775904], [-104.593156, 39.768639], [-104.597481, 39.76868], [-104.597482, 39.765055], [-104.588093, 39.76496], [-104.588118, 39.768593], [-104.583562, 39.768539], [-104.583555, 39.78309], [-104.583404, 39.783089], [-104.583404, 39.79032], [-104.564527, 39.790006], [-104.564541, 39.786394], [-104.545854, 39.786107], [-104.545808, 39.782517], [-104.489216, 39.781583], [-104.489074, 39.757155], [-104.50797, 39.7575], [-104.508042, 39.738934], [-104.517572, 39.739079], [-104.517529, 39.748404], [-104.508178, 39.74826], [-104.508155, 39.781862], [-104.527024, 39.782129], [-104.527045, 39.774838], [-104.528536, 39.774864], [-104.528534, 39.774291], [-104.527044, 39.774266], [-104.527145, 39.767494], [-104.526946, 39.756591], [-104.532242, 39.756566], [-104.583364, 39.748619], [-104.583344, 39.754021], [-104.582504, 39.754007], [-104.582506, 39.75458], [-104.583344, 39.754596], [-104.583356, 39.757654], [-104.594088, 39.757769], [-104.594121, 39.755862], [-104.592772, 39.75584], [-104.592766, 39.754124], [-104.596983, 39.754175], [-104.598002, 39.756146], [-104.60035, 39.757835], [-104.60298, 39.757865], [-104.603019, 39.754237], [-104.61237, 39.754271], [-104.612436, 39.747017], [-104.621832, 39.747053], [-104.621843, 39.745227], [-104.624383, 39.744929], [-104.626534, 39.744322], [-104.627983, 39.743687], [-104.633589, 39.740558], [-104.6353, 39.739924], [-104.637051, 39.739576], [-104.63903, 39.739497], [-104.640666, 39.739675], [-104.664239, 39.744506], [-104.678329, 39.745926], [-104.678322, 39.748641], [-104.682965, 39.749083], [-104.682959, 39.746366], [-104.697123, 39.747713], [-104.697125, 39.748128], [-104.715797, 39.749884], [-104.715799, 39.749486], [-104.734809, 39.751288], [-104.734832, 39.750328], [-104.703392, 39.747363], [-104.703342, 39.740581], [-104.714269, 39.740683], [-104.715472, 39.741202], [-104.715426, 39.74186], [-104.715621, 39.741861], [-104.715632, 39.742003], [-104.715644, 39.7435], [-104.71594, 39.744288], [-104.716046, 39.744292], [-104.716248, 39.743504], [-104.716259, 39.742131], [-104.716475, 39.741043], [-104.719355, 39.740626], [-104.727378, 39.740653], [-104.733471, 39.741768], [-104.734763, 39.742213], [-104.734767, 39.741727], [-104.734874, 39.741728], [-104.73489, 39.739897], [-104.721501, 39.739857], [-104.719235, 39.739644], [-104.71866, 39.739417], [-104.718699, 39.737719], [-104.716289, 39.73772], [-104.716139, 39.736758], [-104.715893, 39.736647], [-104.715683, 39.737191], [-104.715677, 39.738563], [-104.71516, 39.738946], [-104.712547, 39.739713], [-104.711833, 39.739788], [-104.706453, 39.739773], [-104.706505, 39.732906], [-104.700647, 39.732907], [-104.700605, 39.739832], [-104.681847, 39.739823], [-104.678282, 39.739518], [-104.678274, 39.736442], [-104.668891, 39.736412], [-104.66894, 39.725709], [-104.65953, 39.725714], [-104.659535, 39.718315], [-104.650183, 39.718353], [-104.650233, 39.711077], [-104.640907, 39.711157], [-104.640903, 39.703873], [-104.631447, 39.703732], [-104.631493, 39.696469], [-104.622207, 39.696349], [-104.622179, 39.694174], [-104.623979, 39.693527], [-104.625175, 39.692639], [-104.62596, 39.69151], [-104.626257, 39.690106], [-104.626035, 39.688978], [-104.625211, 39.687706], [-104.623876, 39.686727], [-104.622128, 39.686146], [-104.622162, 39.681947], [-104.612778, 39.681862], [-104.612733, 39.689027], [-104.603396, 39.688997], [-104.603363, 39.696238], [-104.593268, 39.69609], [-104.593157, 39.703343], [-104.583639, 39.703211], [-104.584314, 39.666991], [-104.603523, 39.66725], [-104.614759, 39.667248], [-104.614758, 39.667913], [-104.6155, 39.667916], [-104.615513, 39.667252], [-104.622222, 39.667307], [-104.622211, 39.674564], [-104.640917, 39.674677], [-104.640968, 39.667387], [-104.69753, 39.667542], [-104.697426, 39.682102], [-104.697967, 39.682166], [-104.698169, 39.68216], [-104.698277, 39.668104], [-104.716162, 39.668101], [-104.716163, 39.667524], [-104.725537, 39.667512], [-104.725709, 39.638543], [-104.679012, 39.638495], [-104.678801, 39.652873], [-104.659964, 39.652938], [-104.660414, 39.62391], [-104.654786, 39.62396], [-104.654803, 39.620874], [-104.651122, 39.616661], [-104.651596, 39.615523], [-104.651782, 39.613048], [-104.654609, 39.613879], [-104.653781, 39.611633], [-104.650932, 39.608695], [-104.652726, 39.606625], [-104.655501, 39.60493], [-104.65347, 39.602229], [-104.654257, 39.600637], [-104.656567, 39.599101], [-104.656561, 39.597991], [-104.658659, 39.595931], [-104.659424, 39.594933], [-104.660759, 39.594929], [-104.660665, 39.580372], [-104.660783, 39.574349], [-104.642013, 39.574308], [-104.642125, 39.56589], [-104.679509, 39.5659], [-104.679434, 39.572522], [-104.679643, 39.572903], [-104.679637, 39.573445], [-104.681606, 39.576836], [-104.68468, 39.580404], [-104.695893, 39.580335], [-104.695985, 39.576734], [-104.698302, 39.576732], [-104.698312, 39.574934], [-104.694511, 39.574954], [-104.694211, 39.57409], [-104.693856, 39.573773], [-104.693854, 39.573375], [-104.69338, 39.573119], [-104.687756, 39.573141], [-104.68779, 39.569516], [-104.686559, 39.568853], [-104.686499, 39.56852], [-104.686638, 39.568259], [-104.686053, 39.567773], [-104.686287, 39.567082], [-104.686468, 39.567038], [-104.686785, 39.565903], [-104.707024, 39.565897], [-104.706901, 39.576743], [-104.707646, 39.576746], [-104.707777, 39.565897], [-104.717695, 39.565897], [-104.717712, 39.563957], [-104.708023, 39.564096], [-104.707785, 39.551186], [-104.70711, 39.551163], [-104.707313, 39.563975], [-104.706954, 39.563716], [-104.706958, 39.564086], [-104.706665, 39.563867], [-104.70545, 39.563494], [-104.705062, 39.562378], [-104.704358, 39.562204], [-104.703946, 39.561899], [-104.703882, 39.560973], [-104.703884, 39.560162], [-104.704475, 39.556783], [-104.704928, 39.556286], [-104.704564, 39.552624], [-104.704904, 39.552643], [-104.704993, 39.550908], [-104.736728, 39.551173], [-104.736628, 39.565888], [-104.73584, 39.565888], [-104.735768, 39.57313], [-104.743222, 39.573144], [-104.743344, 39.571784], [-104.743737, 39.57164], [-104.743806, 39.570869], [-104.7433, 39.570765], [-104.74395, 39.569925], [-104.744146, 39.569207], [-104.744758, 39.568436], [-104.744391, 39.568276], [-104.746047, 39.565782], [-104.746164, 39.558691], [-104.755608, 39.558824], [-104.755593, 39.559747], [-104.756516, 39.559743], [-104.756531, 39.558823], [-104.768173, 39.558818], [-104.7687, 39.559714], [-104.769522, 39.560236], [-104.772216, 39.56106], [-104.773382, 39.561171], [-104.774429, 39.561092], [-104.774389, 39.565847], [-104.78454, 39.56585], [-104.784965, 39.566088], [-104.787368, 39.569562], [-104.782859, 39.569555], [-104.782792, 39.573186], [-104.756547, 39.573164], [-104.756341, 39.574938], [-104.756764, 39.575235], [-104.756185, 39.575915], [-104.756239, 39.576924], [-104.755416, 39.577001], [-104.755553, 39.578255], [-104.756121, 39.578248], [-104.755466, 39.579774], [-104.754729, 39.580216], [-104.75195, 39.580287], [-104.751959, 39.58046], [-104.745292, 39.580584], [-104.731987, 39.580392], [-104.73112, 39.581751], [-104.731236, 39.581796], [-104.731667, 39.581134], [-104.732759, 39.581132], [-104.732499, 39.581478], [-104.732417, 39.583369], [-104.731731, 39.583232], [-104.731659, 39.584092], [-104.731824, 39.584239], [-104.731654, 39.584366], [-104.731754, 39.585028], [-104.732819, 39.584963], [-104.734749, 39.586276], [-104.734229, 39.586871], [-104.734971, 39.587211], [-104.735544, 39.587216], [-104.73558, 39.584929], [-104.737979, 39.584954], [-104.737926, 39.587666], [-104.743997, 39.587695], [-104.743967, 39.589678], [-104.743144, 39.591719], [-104.743233, 39.592689], [-104.743573, 39.593083], [-104.744595, 39.593472], [-104.744923, 39.593885], [-104.745102, 39.587697], [-104.749751, 39.587718], [-104.749601, 39.595104], [-104.745467, 39.595189], [-104.745146, 39.595585], [-104.744873, 39.595599], [-104.744919, 39.596145], [-104.740698, 39.595809], [-104.740343, 39.596], [-104.739813, 39.597057], [-104.740543, 39.597391], [-104.739952, 39.598228], [-104.739202, 39.598597], [-104.738478, 39.598631], [-104.737954, 39.598485], [-104.736794, 39.597575], [-104.736034, 39.598027], [-104.734581, 39.599352], [-104.733932, 39.600476], [-104.733096, 39.601238], [-104.732678, 39.602101], [-104.733574, 39.602005], [-104.734107, 39.602914], [-104.734089, 39.603086], [-104.734321, 39.60305], [-104.73461, 39.603814], [-104.734177, 39.60524], [-104.734447, 39.605523], [-104.735337, 39.605294], [-104.735362, 39.605443], [-104.732492, 39.606306], [-104.731689, 39.606312], [-104.730707, 39.606093], [-104.728175, 39.604849], [-104.727383, 39.6043], [-104.725305, 39.60208], [-104.72383, 39.601418], [-104.722458, 39.601386], [-104.718458, 39.602409], [-104.716747, 39.602441], [-104.716716, 39.61667], [-104.707256, 39.616655], [-104.707226, 39.623916], [-104.716351, 39.623934], [-104.716297, 39.629392], [-104.712889, 39.629383], [-104.712864, 39.631522], [-104.710912, 39.631516], [-104.710915, 39.63119], [-104.697751, 39.631157], [-104.697757, 39.626481], [-104.694213, 39.626484], [-104.691613, 39.623795], [-104.691621, 39.623094], [-104.68347, 39.62311], [-104.683464, 39.62031], [-104.679155, 39.620324], [-104.679026, 39.638194], [-104.683865, 39.638189], [-104.683908, 39.634353], [-104.686503, 39.634351], [-104.686456, 39.638194], [-104.71634, 39.638388], [-104.760473, 39.63842], [-104.760486, 39.634878], [-104.76077, 39.634393], [-104.762217, 39.634959], [-104.762723, 39.635379], [-104.763075, 39.635901], [-104.76326, 39.635856], [-104.76342, 39.623992], [-104.786049, 39.623966], [-104.791531, 39.626099], [-104.798173, 39.628405], [-104.798172, 39.623964], [-104.810153, 39.623982], [-104.810349, 39.623874], [-104.810407, 39.620068], [-104.810682, 39.619442], [-104.811241, 39.618941], [-104.809664, 39.617746], [-104.810422, 39.617094], [-104.810501, 39.610359], [-104.81142, 39.611395], [-104.817436, 39.616017], [-104.819538, 39.618236], [-104.820329, 39.620367], [-104.820052, 39.620369], [-104.820705, 39.6221], [-104.81801, 39.622095], [-104.818004, 39.622841], [-104.821488, 39.622849], [-104.821917, 39.624029], [-104.828865, 39.624005], [-104.828831, 39.627764], [-104.827613, 39.627762], [-104.827597, 39.628675], [-104.827727, 39.628686], [-104.827724, 39.629611], [-104.828802, 39.629617], [-104.828722, 39.635372], [-104.828895, 39.63627], [-104.828949, 39.63795], [-104.829838, 39.637954], [-104.829832, 39.638572], [-104.82894, 39.638572], [-104.828844, 39.646477], [-104.828976, 39.648081], [-104.829637, 39.650141], [-104.830484, 39.651594], [-104.833602, 39.654748], [-104.835672, 39.656341], [-104.837, 39.656957], [-104.841202, 39.657848], [-104.841244, 39.657705], [-104.843922, 39.65721], [-104.845874, 39.656489], [-104.846144, 39.656853], [-104.843332, 39.658214], [-104.84547, 39.658579], [-104.84525, 39.658246], [-104.847296, 39.657102], [-104.8486, 39.657096], [-104.848678, 39.659218], [-104.853367, 39.65998], [-104.855437, 39.660804], [-104.855894, 39.660482], [-104.856441, 39.66034], [-104.866334, 39.660309], [-104.866203, 39.661762], [-104.866051, 39.670847], [-104.875274, 39.678365], [-104.875309, 39.696505], [-104.865962, 39.696559], [-104.865964, 39.699279], [-104.867133, 39.69928], [-104.867136, 39.700188], [-104.868309, 39.700192], [-104.868301, 39.698371], [-104.870662, 39.698377], [-104.870648, 39.700535], [-104.869393, 39.701089], [-104.869426, 39.701319], [-104.868662, 39.703008], [-104.865967, 39.703807], [-104.865971, 39.711053], [-104.870625, 39.710174], [-104.870596, 39.718176], [-104.87432, 39.718201], [-104.874947, 39.71845], [-104.875277, 39.718805], [-104.87533, 39.725576], [-104.87999, 39.725604], [-104.88117, 39.725341], [-104.881934, 39.72496], [-104.884732, 39.727887], [-104.886539, 39.729269]], [[-104.762681, 39.800147], [-104.762682, 39.799735], [-104.762326, 39.799735], [-104.762325, 39.800146], [-104.762681, 39.800147]], [[-104.754458, 39.638563], [-104.735061, 39.63855], [-104.734896, 39.652975], [-104.753697, 39.653046], [-104.753622, 39.66747], [-104.75415, 39.667472], [-104.754458, 39.638563]], [[-104.744289, 39.729223], [-104.739591, 39.729208], [-104.739591, 39.725825], [-104.739427, 39.725824], [-104.739426, 39.725598], [-104.740175, 39.7256], [-104.74016, 39.724932], [-104.735031, 39.724918], [-104.735073, 39.73279], [-104.744277, 39.7328], [-104.744289, 39.729223]], [[-104.742167, 39.71684], [-104.740442, 39.715507], [-104.734897, 39.711027], [-104.734897, 39.716321], [-104.74025, 39.71632], [-104.739493, 39.718336], [-104.741608, 39.718333], [-104.742167, 39.71684]], [[-104.740586, 39.679821], [-104.735633, 39.682005], [-104.742096, 39.682016], [-104.740586, 39.679821]], [[-104.739617, 39.700159], [-104.734941, 39.700176], [-104.73494, 39.703804], [-104.739596, 39.703797], [-104.739617, 39.700159]], [[-104.737027, 39.597167], [-104.736946, 39.597088], [-104.736603, 39.5973], [-104.736693, 39.597375], [-104.737027, 39.597167]], [[-104.736849, 39.718327], [-104.734897, 39.718318], [-104.734896, 39.718903], [-104.73685, 39.718906], [-104.736849, 39.718327]], [[-104.735682, 39.696602], [-104.73493, 39.696603], [-104.734941, 39.697179], [-104.73568, 39.697178], [-104.735682, 39.696602]], [[-104.734896, 39.683307], [-104.734892, 39.682005], [-104.734015, 39.682005], [-104.734896, 39.683307]], [[-104.734895, 39.722536], [-104.731169, 39.722547], [-104.731162, 39.723122], [-104.734893, 39.723111], [-104.734895, 39.722536]], [[-104.734728, 39.754791], [-104.733305, 39.754782], [-104.733307, 39.755747], [-104.73468, 39.755748], [-104.734728, 39.754791]], [[-104.734576, 39.711029], [-104.733076, 39.709824], [-104.732146, 39.70883], [-104.727178, 39.701436], [-104.723321, 39.697283], [-104.725477, 39.700307], [-104.724552, 39.705409], [-104.72372, 39.708569], [-104.722962, 39.711108], [-104.722696, 39.711108], [-104.722106, 39.713046], [-104.720794, 39.716324], [-104.720773, 39.718342], [-104.722669, 39.718354], [-104.722598, 39.717054], [-104.722714, 39.71574], [-104.724105, 39.711109], [-104.72434, 39.711056], [-104.724334, 39.714694], [-104.725518, 39.714768], [-104.725487, 39.718346], [-104.729207, 39.718353], [-104.729466, 39.715596], [-104.728939, 39.714807], [-104.730189, 39.714806], [-104.730197, 39.711127], [-104.734576, 39.711029]], [[-104.734526, 39.763213], [-104.733458, 39.763212], [-104.733442, 39.76558], [-104.73451, 39.765581], [-104.734526, 39.763213]], [[-104.731151, 39.754769], [-104.727948, 39.754762], [-104.727933, 39.755746], [-104.731151, 39.755746], [-104.731151, 39.754769]], [[-104.730327, 39.81016], [-104.726928, 39.810147], [-104.726904, 39.812793], [-104.730312, 39.812813], [-104.730327, 39.81016]], [[-104.728678, 39.601113], [-104.728393, 39.600898], [-104.728304, 39.600968], [-104.728606, 39.601196], [-104.728678, 39.601113]], [[-104.728529, 39.702692], [-104.726621, 39.699274], [-104.727019, 39.68929], [-104.725573, 39.689287], [-104.725547, 39.696547], [-104.725414, 39.696547], [-104.725377, 39.698327], [-104.723689, 39.697078], [-104.726987, 39.70067], [-104.728529, 39.702692]], [[-104.726734, 39.5804], [-104.726296, 39.580401], [-104.726292, 39.580744], [-104.72673, 39.580743], [-104.726734, 39.5804]], [[-104.723536, 39.596139], [-104.723412, 39.596135], [-104.723411, 39.596536], [-104.723535, 39.596536], [-104.723536, 39.596139]], [[-104.721011, 39.798015], [-104.717837, 39.79786], [-104.717562, 39.797734], [-104.716977, 39.795839], [-104.716901, 39.791013], [-104.715664, 39.791011], [-104.715621, 39.798303], [-104.721005, 39.798335], [-104.721011, 39.798015]], [[-104.720782, 39.754753], [-104.71619, 39.754755], [-104.715904, 39.769207], [-104.720494, 39.769209], [-104.720518, 39.765575], [-104.717205, 39.765579], [-104.717221, 39.755148], [-104.720782, 39.754863], [-104.720782, 39.754753]], [[-104.72047, 39.723803], [-104.718396, 39.723815], [-104.718389, 39.725101], [-104.718262, 39.725554], [-104.719729, 39.725553], [-104.72047, 39.723803]], [[-104.720089, 39.599613], [-104.716787, 39.599616], [-104.716795, 39.598556], [-104.715626, 39.598558], [-104.715605, 39.600367], [-104.714443, 39.600372], [-104.714437, 39.601177], [-104.71675, 39.602226], [-104.716752, 39.601797], [-104.715855, 39.601418], [-104.716099, 39.601073], [-104.716324, 39.601011], [-104.716585, 39.600365], [-104.71677, 39.600365], [-104.716768, 39.600518], [-104.717353, 39.600527], [-104.71751, 39.601335], [-104.718385, 39.601178], [-104.71871, 39.600497], [-104.718913, 39.600646], [-104.718673, 39.601086], [-104.720069, 39.601097], [-104.720089, 39.599613]], [[-104.716708, 39.689319], [-104.716392, 39.68848], [-104.71628, 39.688088], [-104.716258, 39.689309], [-104.716708, 39.689319]], [[-104.715971, 39.682136], [-104.714117, 39.682134], [-104.714116, 39.682705], [-104.715965, 39.682701], [-104.715971, 39.682136]], [[-104.715869, 39.756378], [-104.715784, 39.752849], [-104.713556, 39.752841], [-104.713585, 39.756384], [-104.715745, 39.756395], [-104.715869, 39.756378]], [[-104.711217, 39.754651], [-104.707089, 39.754647], [-104.706916, 39.7583], [-104.710747, 39.758302], [-104.710758, 39.756751], [-104.711205, 39.756749], [-104.711217, 39.754651]], [[-104.707536, 39.587602], [-104.706794, 39.587596], [-104.706709, 39.597722], [-104.707464, 39.598056], [-104.707536, 39.587602]], [[-104.702111, 39.681165], [-104.70066, 39.681171], [-104.700578, 39.682162], [-104.7021, 39.682164], [-104.702111, 39.681165]], [[-104.693867, 39.59372], [-104.692799, 39.593719], [-104.692797, 39.594546], [-104.693867, 39.594546], [-104.693867, 39.59372]], [[-104.678541, 39.687271], [-104.675528, 39.687267], [-104.675521, 39.689297], [-104.678525, 39.689295], [-104.678541, 39.687271]], [[-104.670811, 39.638373], [-104.668466, 39.638384], [-104.668433, 39.64019], [-104.670779, 39.640178], [-104.670811, 39.638373]], [[-104.66947, 39.677116], [-104.669004, 39.677114], [-104.668998, 39.677478], [-104.669464, 39.677478], [-104.66947, 39.677116]], [[-104.668839, 39.681125], [-104.666607, 39.681077], [-104.666595, 39.681989], [-104.668833, 39.681992], [-104.668839, 39.681125]], [[-104.665428, 39.681094], [-104.664256, 39.681076], [-104.664248, 39.681985], [-104.665419, 39.681987], [-104.665428, 39.681094]], [[-104.642992, 39.747171], [-104.640623, 39.747163], [-104.640571, 39.754387], [-104.64293, 39.754398], [-104.642992, 39.747171]], [[-104.635934, 39.78324], [-104.621621, 39.783235], [-104.62156, 39.794112], [-104.63565, 39.79438], [-104.635934, 39.78324]], [[-104.62169, 39.768759], [-104.61803, 39.768756], [-104.617988, 39.776371], [-104.621667, 39.776377], [-104.62169, 39.768759]], [[-104.578644, 39.753939], [-104.573935, 39.753856], [-104.57394, 39.757489], [-104.578653, 39.757568], [-104.578644, 39.753939]], [[-104.631493, 39.696469], [-104.640883, 39.696588], [-104.640888, 39.681937], [-104.631513, 39.681897], [-104.631493, 39.696469]], [[-104.722696, 39.711108], [-104.719575, 39.709119], [-104.718014, 39.707834], [-104.716108, 39.706834], [-104.716164, 39.696494], [-104.706688, 39.696558], [-104.706669, 39.707439], [-104.697194, 39.707413], [-104.697219, 39.718342], [-104.715921, 39.718359], [-104.715943, 39.714687], [-104.720862, 39.714686], [-104.720782, 39.711104], [-104.722696, 39.711108]]]]}}, {"type": "Feature", "properties": {"key": "greenwood_village", "name": "Greenwood Village"}, "geometry": {"type": "Polygon", "coordinates": [[[-104.980637, 39.617384], [-104.980513, 39.61817], [-104.979928, 39.618174], [-104.979928, 39.618653], [-104.980242, 39.618733], [-104.978635, 39.618724], [-104.978625, 39.619634], [-104.979503, 39.619647], [-104.979478, 39.6219], [-104.978601, 39.6219], [-104.978596, 39.622349], [-104.979464, 39.622345], [-104.979579, 39.623491], [-104.980294, 39.623496], [-104.980293, 39.624054], [-104.959787, 39.624228], [-104.943222, 39.624168], [-104.940173, 39.624049], [-104.885264, 39.624129], [-104.88512, 39.638948], [-104.880332, 39.64131], [-104.880372, 39.64227], [-104.878507, 39.643192], [-104.877875, 39.643503], [-104.877898, 39.642516], [-104.875599, 39.643651], [-104.875687, 39.638636], [-104.874997, 39.638639], [-104.877634, 39.632252], [-104.878128, 39.631764], [-104.878138, 39.631387], [-104.875693, 39.63137], [-104.875767, 39.626857], [-104.871197, 39.626861], [-104.871255, 39.624257], [-104.852454, 39.624178], [-104.851605, 39.623823], [-104.8484, 39.621677], [-104.847809, 39.621064], [-104.847673, 39.620497], [-104.847982, 39.602337], [-104.855812, 39.602314], [-104.855681, 39.602847], [-104.855028, 39.603268], [-104.854279, 39.60329], [-104.8523, 39.60379], [-104.852371, 39.608147], [-104.851811, 39.608145], [-104.851162, 39.608405], [-104.851145, 39.609493], [-104.852303, 39.610366], [-104.851173, 39.611091], [-104.850641, 39.610576], [-104.85009, 39.610344], [-104.848112, 39.610348], [-104.847995, 39.620911], [-104.84853, 39.621508], [-104.851731, 39.623673], [-104.852568, 39.624028], [-104.859468, 39.624051], [-104.859478, 39.623278], [-104.860382, 39.623286], [-104.860655, 39.623602], [-104.863283, 39.623612], [-104.863626, 39.623418], [-104.864129, 39.623576], [-104.864145, 39.624094], [-104.866452, 39.624119], [-104.866456, 39.623891], [-104.86671, 39.623888], [-104.86679, 39.624007], [-104.871184, 39.624036], [-104.871269, 39.616839], [-104.866444, 39.616852], [-104.866543, 39.608937], [-104.867454, 39.608941], [-104.86749, 39.60941], [-104.875801, 39.60942], [-104.875883, 39.6079], [-104.875734, 39.607784], [-104.87593, 39.607784], [-104.875961, 39.605853], [-104.876271, 39.605819], [-104.876286, 39.603247], [-104.878475, 39.603249], [-104.87847, 39.604122], [-104.882531, 39.604168], [-104.883165, 39.60404], [-104.883177, 39.602419], [-104.880669, 39.602424], [-104.880689, 39.600488], [-104.878475, 39.600497], [-104.878487, 39.599591], [-104.879595, 39.599581], [-104.879598, 39.598681], [-104.876163, 39.598686], [-104.876227, 39.595026], [-104.874435, 39.595025], [-104.874435, 39.59151], [-104.873296, 39.591506], [-104.873314, 39.593217], [-104.871495, 39.593223], [-104.871525, 39.591423], [-104.873347, 39.591428], [-104.873347, 39.591327], [-104.878647, 39.591423], [-104.878569, 39.587763], [-104.880978, 39.587763], [-104.88389, 39.592587], [-104.885284, 39.594415], [-104.885642, 39.594634], [-104.886896, 39.594631], [-104.890223, 39.595039], [-104.897913, 39.595032], [-104.897973, 39.595466], [-104.898229, 39.595753], [-104.899856, 39.59642], [-104.900047, 39.596896], [-104.89943, 39.596891], [-104.89944, 39.596339], [-104.898963, 39.59617], [-104.898752, 39.596334], [-104.898754, 39.596886], [-104.897207, 39.596882], [-104.897199, 39.598663], [-104.894999, 39.598673], [-104.894995, 39.602298], [-104.904115, 39.602294], [-104.904105, 39.60956], [-104.9194, 39.609572], [-104.919722, 39.607122], [-104.922853, 39.607118], [-104.92285, 39.609582], [-104.956178, 39.609697], [-104.956347, 39.608473], [-104.95736, 39.607426], [-104.958235, 39.607167], [-104.960029, 39.607188], [-104.960037, 39.606109], [-104.962363, 39.606084], [-104.962365, 39.606603], [-104.96265, 39.606886], [-104.963655, 39.607361], [-104.964694, 39.607403], [-104.964667, 39.60969], [-104.97986, 39.609604], [-104.979879, 39.611415], [-104.97872, 39.611418], [-104.978718, 39.611576], [-104.980426, 39.613192], [-104.978697, 39.613196], [-104.978655, 39.616839], [-104.980437, 39.616842], [-104.980436, 39.617375], [-104.980637, 39.617384]], [[-104.979862, 39.618181], [-104.979155, 39.618273], [-104.979151, 39.618667], [-104.979856, 39.618655], [-104.979862, 39.618181]], [[-104.848532, 39.605911], [-104.848156, 39.605912], [-104.848153, 39.606176], [-104.848529, 39.60618], [-104.848532, 39.605911]]]}}, {"type": "Feature", "properties": {"key": "cherry_hills_village", "name": "Cherry Hills Village"}, "geometry": {"type": "Polygon", "coordinates": [[[-104.978633, 39.624072], [-104.978289, 39.651261], [-104.971234, 39.651322], [-104.971204, 39.653122], [-104.962427, 39.653227], [-104.960394, 39.653214], [-104.95871, 39.652992], [-104.931703, 39.653044], [-104.931873, 39.645826], [-104.92246, 39.645849], [-104.913227, 39.638669], [-104.913407, 39.624083], [-104.940173, 39.624049], [-104.943222, 39.624168], [-104.959787, 39.624228], [-104.978633, 39.624072]]]}}, {"type": "Feature", "properties": {"key": "sheridan", "name": "Sheridan"}, "geometry": {"type": "Polygon", "coordinates": [[[-105.034739, 39.635089], [-105.034707, 39.638593], [-105.029998, 39.638575], [-105.029927, 39.640176], [-105.02998, 39.642819], [-105.032797, 39.642808], [-105.032729, 39.643674], [-105.03466, 39.643711], [-105.034615, 39.653276], [-105.032162, 39.653276], [-105.032157, 39.653775], [-105.031469, 39.653773], [-105.03145, 39.654182], [-105.029891, 39.654177], [-105.029748, 39.654361], [-105.029749, 39.654797], [-105.029292, 39.654796], [-105.029274, 39.654327], [-105.025266, 39.654358], [-105.025269, 39.656817], [-105.023003, 39.656804], [-105.022982, 39.660496], [-105.0158, 39.660508], [-105.015832, 39.656919], [-105.005153, 39.656814], [-105.005708, 39.65626], [-105.006124, 39.655576], [-105.003679, 39.655543], [-105.003188, 39.656072], [-105.001726, 39.656067], [-105.001731, 39.655199], [-105.001205, 39.655061], [-105.001945, 39.653328], [-105.002411, 39.653335], [-105.002407, 39.654139], [-105.002938, 39.654138], [-105.002936, 39.653207], [-105.000229, 39.653192], [-105.000246, 39.652901], [-105.000681, 39.652901], [-105.004137, 39.644064], [-105.004976, 39.64224], [-105.006102, 39.638639], [-105.006958, 39.638613], [-105.007566, 39.636317], [-105.008816, 39.636332], [-105.008813, 39.635901], [-105.012544, 39.635901], [-105.012995, 39.635191], [-105.012995, 39.635001], [-105.009946, 39.634883], [-105.010593, 39.632329], [-105.011344, 39.632407], [-105.013116, 39.632195], [-105.013906, 39.633556], [-105.014844, 39.633481], [-105.014771, 39.63269], [-105.014512, 39.632019], [-105.015682, 39.631528], [-105.016459, 39.631819], [-105.018365, 39.631833], [-105.018352, 39.635044], [-105.019159, 39.635033], [-105.018258, 39.637233], [-105.017147, 39.637372], [-105.015973, 39.637879], [-105.015935, 39.642177], [-105.020668, 39.642132], [-105.020673, 39.640002], [-105.022189, 39.638636], [-105.021665, 39.638637], [-105.021522, 39.638485], [-105.022015, 39.638487], [-105.023943, 39.636345], [-105.025391, 39.635395], [-105.025384, 39.63601], [-105.027966, 39.636011], [-105.027968, 39.635183], [-105.030044, 39.635178], [-105.030043, 39.635012], [-105.034739, 39.635089]], [[-105.006969, 39.639548], [-105.006614, 39.639548], [-105.006611, 39.640894], [-105.006969, 39.639548]]]}}, {"type": "Feature", "properties": {"key": "bow_mar", "name": "Bow Mar"}, "geometry": {"type": "Polygon", "coordinates": [[[-105.059541, 39.635375], [-105.058996, 39.638177], [-105.059138, 39.638243], [-105.059045, 39.63876], [-105.053342, 39.63877], [-105.05341, 39.631504], [-105.044139, 39.631456], [-105.044402, 39.617279], [-105.044239, 39.616941], [-105.045822, 39.616948], [-105.04576, 39.616374], [-105.044955, 39.616078], [-105.044992, 39.615028], [-105.04643, 39.614682], [-105.046768, 39.615436], [-105.048486, 39.615646], [-105.048526, 39.61548], [-105.050241, 39.615394], [-105.053105, 39.615878], [-105.053655, 39.615549], [-105.053678, 39.613936], [-105.053763, 39.614273], [-105.054892, 39.614279], [-105.05493, 39.614096], [-105.05493, 39.614314], [-105.056114, 39.614695], [-105.057485, 39.615364], [-105.057684, 39.615659], [-105.057684, 39.616686], [-105.05808, 39.617503], [-105.05712, 39.619368], [-105.056489, 39.619918], [-105.057386, 39.620492], [-105.05724, 39.620914], [-105.056273, 39.621104], [-105.054338, 39.620824], [-105.053516, 39.620864], [-105.053483, 39.624253], [-105.055809, 39.624244], [-105.05578, 39.625998], [-105.05344, 39.627714], [-105.053457, 39.629526], [-105.057009, 39.631679], [-105.059297, 39.634333], [-105.059541, 39.635375]]]}}, {"type": "Feature", "properties": {"key": "columbine_valley", "name": "Columbine Valley"}, "geometry": {"type": "Polygon", "coordinates": [[[-105.047188, 39.589787], [-105.046734, 39.590689], [-105.043214, 39.590673], [-105.04347, 39.591557], [-105.045586, 39.592641], [-105.043937, 39.595885], [-105.042061, 39.600635], [-105.038327, 39.607943], [-105.035004, 39.607882], [-105.034988, 39.609689], [-105.030758, 39.611312], [-105.030042, 39.610233], [-105.02887, 39.610092], [-105.028362, 39.607403], [-105.028953, 39.606522], [-105.029324, 39.606311], [-105.02799, 39.606178], [-105.027984, 39.60421], [-105.024606, 39.604181], [-105.024737, 39.603636], [-105.024552, 39.602251], [-105.02501, 39.600977], [-105.02574, 39.59982], [-105.02574, 39.60039], [-105.02626, 39.599113], [-105.026755, 39.598436], [-105.027619, 39.597736], [-105.029435, 39.59681], [-105.030079, 39.596051], [-105.030324, 39.595145], [-105.030461, 39.595144], [-105.030479, 39.591514], [-105.037519, 39.591521], [-105.037564, 39.587902], [-105.041768, 39.587901], [-105.041684, 39.589476], [-105.043585, 39.589484], [-105.044082, 39.589765], [-105.047188, 39.589787]], [[-105.041106, 39.591731], [-105.040795, 39.59121], [-105.040511, 39.591031], [-105.040042, 39.591536], [-105.039892, 39.591535], [-105.039889, 39.591695], [-105.038412, 39.592495], [-105.03837, 39.59266], [-105.038979, 39.593251], [-105.03873, 39.593711], [-105.039838, 39.593556], [-105.039871, 39.592511], [-105.040914, 39.592677], [-105.041106, 39.591731]]]}}, {"type": "Feature", "properties": {"key": "lone_tree", "name": "Lone Tree"}, "geometry": {"type": "Polygon", "coordinates": [[[-104.909144, 39.50741], [-104.909118, 39.511681], [-104.907392, 39.51168], [-104.907373, 39.511452], [-104.905288, 39.509327], [-104.901574, 39.508605], [-104.900851, 39.50901], [-104.897943, 39.509359], [-104.897837, 39.509155], [-104.895251, 39.509026], [-104.895256, 39.512435], [-104.890532, 39.512001], [-104.890522, 39.513546], [-104.890197, 39.513381], [-104.89007, 39.513482], [-104.890126, 39.513675], [-104.892922, 39.514583], [-104.890494, 39.514556], [-104.890425, 39.521894], [-104.885755, 39.521874], [-104.885664, 39.528888], [-104.894998, 39.529012], [-104.89519, 39.527698], [-104.895489, 39.527514], [-104.895862, 39.527529], [-104.896779, 39.528108], [-104.897634, 39.528206], [-104.897558, 39.528594], [-104.897699, 39.528198], [-104.898193, 39.527889], [-104.898735, 39.527217], [-104.900815, 39.52657], [-104.901152, 39.526293], [-104.901363, 39.525899], [-104.901031, 39.525292], [-104.901033, 39.523564], [-104.900729, 39.523207], [-104.90117, 39.522979], [-104.901394, 39.522633], [-104.903666, 39.522643], [-104.903577, 39.524199], [-104.903702, 39.524844], [-104.903424, 39.525699], [-104.903766, 39.525805], [-104.903862, 39.526079], [-104.903617, 39.527151], [-104.903815, 39.527414], [-104.903902, 39.528505], [-104.904333, 39.52871], [-104.904227, 39.55095], [-104.888768, 39.550814], [-104.888503, 39.552122], [-104.887816, 39.553345], [-104.886995, 39.553955], [-104.885964, 39.554123], [-104.885997, 39.554879], [-104.88564, 39.554876], [-104.885649, 39.555096], [-104.886362, 39.555059], [-104.886231, 39.556378], [-104.886584, 39.556364], [-104.886597, 39.556601], [-104.886244, 39.556619], [-104.886302, 39.558217], [-104.889497, 39.558309], [-104.89156, 39.560833], [-104.892451, 39.561454], [-104.896399, 39.562104], [-104.896372, 39.562197], [-104.896598, 39.562235], [-104.896738, 39.562143], [-104.896882, 39.561175], [-104.899943, 39.561103], [-104.899902, 39.560054], [-104.902244, 39.560056], [-104.902172, 39.55823], [-104.905619, 39.558232], [-104.904785, 39.558974], [-104.904273, 39.560048], [-104.904218, 39.56237], [-104.904072, 39.562353], [-104.904, 39.562733], [-104.904034, 39.565982], [-104.8695, 39.565983], [-104.869502, 39.565883], [-104.869881, 39.565888], [-104.870393, 39.565398], [-104.871543, 39.565398], [-104.870846, 39.561264], [-104.870676, 39.561264], [-104.870072, 39.559701], [-104.869951, 39.558923], [-104.870085, 39.558389], [-104.869623, 39.557332], [-104.869429, 39.556443], [-104.869728, 39.555638], [-104.86898, 39.555709], [-104.868703, 39.553605], [-104.868738, 39.552532], [-104.869298, 39.55059], [-104.868297, 39.539118], [-104.867708, 39.537713], [-104.866805, 39.536547], [-104.865994, 39.536428], [-104.835305, 39.53647], [-104.829928, 39.536614], [-104.830025, 39.507976], [-104.849154, 39.50773], [-104.886326, 39.507684], [-104.886959, 39.507155], [-104.895203, 39.507288], [-104.895202, 39.507068], [-104.898345, 39.507069], [-104.905975, 39.5074], [-104.906566, 39.506839], [-104.908593, 39.506946], [-104.908924, 39.507409], [-104.909144, 39.50741]], [[-104.876468, 39.550907], [-104.876457, 39.547245], [-104.872084, 39.547306], [-104.872099, 39.549137], [-104.873084, 39.549125], [-104.873091, 39.550953], [-104.876468, 39.550907]], [[-104.87183, 39.550917], [-104.871805, 39.547175], [-104.871678, 39.546418], [-104.87117, 39.544956], [-104.870663, 39.545061], [-104.870575, 39.544858], [-104.870107, 39.54489], [-104.870078, 39.544624], [-104.869865, 39.544636], [-104.869793, 39.544197], [-104.86972, 39.543101], [-104.870954, 39.543078], [-104.870956, 39.542919], [-104.869446, 39.542909], [-104.870019, 39.549542], [-104.870293, 39.550999], [-104.87183, 39.550917]], [[-104.855288, 39.530058], [-104.848938, 39.527104], [-104.846554, 39.529056], [-104.846161, 39.530029], [-104.845344, 39.530522], [-104.843679, 39.530161], [-104.842357, 39.530813], [-104.842477, 39.536139], [-104.842988, 39.536137], [-104.843302, 39.53498], [-104.84366, 39.534452], [-104.844465, 39.533682], [-104.845215, 39.53326], [-104.846478, 39.5343], [-104.845809, 39.535132], [-104.845922, 39.535153], [-104.84583, 39.536155], [-104.853676, 39.536134], [-104.853663, 39.532786], [-104.855288, 39.530058]]]}}, {"type": "Feature", "properties": {"key": "foxfield", "name": "Foxfield"}, "geometry": {"type": "Polygon", "coordinates": [[[-104.802251, 39.594939], [-104.773167, 39.595021], [-104.773346, 39.580422], [-104.793602, 39.58043], [-104.794679, 39.582529], [-104.799667, 39.590181], [-104.802251, 39.594939]]]}}, {"type": "Feature", "properties": {"key": "castle_pines", "name": "Castle Pines"}, "geometry": {"type": "MultiPolygon", "coordinates": [[[[-104.875002, 39.451993], [-104.874538, 39.453336], [-104.874999, 39.453513], [-104.874803, 39.45609], [-104.873942, 39.461278], [-104.873817, 39.461589], [-104.873295, 39.461964], [-104.873679, 39.462306], [-104.873433, 39.463787], [-104.872375, 39.463685], [-104.872072, 39.463887], [-104.87249, 39.464611], [-104.87319, 39.465048], [-104.872958, 39.466406], [-104.872332, 39.467375], [-104.872183, 39.468127], [-104.871795, 39.468804], [-104.869533, 39.47047], [-104.868861, 39.471362], [-104.867084, 39.470669], [-104.86682, 39.471058], [-104.868021, 39.471548], [-104.86781, 39.472048], [-104.86788, 39.472547], [-104.869149, 39.474597], [-104.858182, 39.474579], [-104.858178, 39.478188], [-104.850184, 39.478226], [-104.850579, 39.477894], [-104.850337, 39.477437], [-104.850564, 39.477226], [-104.850905, 39.477659], [-104.852543, 39.477482], [-104.85274, 39.47771], [-104.853456, 39.477948], [-104.853937, 39.477774], [-104.853652, 39.477052], [-104.85296, 39.476632], [-104.854312, 39.47596], [-104.855693, 39.475792], [-104.856179, 39.475869], [-104.856986, 39.475663], [-104.857734, 39.475279], [-104.857794, 39.474853], [-104.854919, 39.474121], [-104.855325, 39.473227], [-104.855712, 39.47319], [-104.856012, 39.47285], [-104.855729, 39.472485], [-104.856261, 39.47105], [-104.856229, 39.470432], [-104.856618, 39.46869], [-104.856836, 39.468255], [-104.857337, 39.467788], [-104.857007, 39.467015], [-104.856096, 39.467307], [-104.856037, 39.467669], [-104.855083, 39.468131], [-104.854385, 39.46953], [-104.853928, 39.469571], [-104.853613, 39.469886], [-104.854034, 39.470137], [-104.853005, 39.471152], [-104.85248, 39.471089], [-104.851776, 39.472408], [-104.851119, 39.473107], [-104.850704, 39.47388], [-104.849724, 39.474349], [-104.849261, 39.473971], [-104.848769, 39.474173], [-104.848718, 39.470983], [-104.845051, 39.470991], [-104.844297, 39.470615], [-104.843878, 39.470131], [-104.843927, 39.469934], [-104.844341, 39.46991], [-104.844993, 39.468964], [-104.844903, 39.468863], [-104.844036, 39.469449], [-104.843539, 39.469254], [-104.843184, 39.468407], [-104.843962, 39.467973], [-104.843976, 39.467824], [-104.842849, 39.467837], [-104.842914, 39.467304], [-104.842703, 39.466791], [-104.842795, 39.466631], [-104.842576, 39.465869], [-104.842208, 39.465447], [-104.843012, 39.464941], [-104.842756, 39.46482], [-104.841619, 39.464868], [-104.840751, 39.46428], [-104.840642, 39.464322], [-104.84138, 39.465128], [-104.841274, 39.466434], [-104.840703, 39.466524], [-104.840403, 39.467111], [-104.840452, 39.467521], [-104.840847, 39.468042], [-104.841206, 39.469047], [-104.841083, 39.469448], [-104.84037, 39.469724], [-104.840383, 39.470109], [-104.840941, 39.470226], [-104.840504, 39.471028], [-104.831224, 39.471068], [-104.830986, 39.470194], [-104.831352, 39.469764], [-104.831329, 39.468854], [-104.830747, 39.468893], [-104.830191, 39.469503], [-104.830266, 39.421979], [-104.831385, 39.421062], [-104.834942, 39.419166], [-104.834945, 39.420267], [-104.839625, 39.42028], [-104.83961, 39.431167], [-104.844287, 39.431198], [-104.844278, 39.434814], [-104.848955, 39.434861], [-104.848848, 39.449539], [-104.862412, 39.449637], [-104.862426, 39.447742], [-104.872344, 39.447824], [-104.872377, 39.449919], [-104.87448, 39.450122], [-104.875002, 39.451993]], [[-104.867779, 39.449675], [-104.866762, 39.449617], [-104.867775, 39.45082], [-104.867779, 39.449675]], [[-104.846338, 39.451572], [-104.845276, 39.451547], [-104.845241, 39.45237], [-104.846303, 39.452395], [-104.846338, 39.451572]]], [[[-104.923624, 39.485509], [-104.923512, 39.492732], [-104.88603, 39.492747], [-104.888058, 39.49033], [-104.891488, 39.4849], [-104.892134, 39.484405], [-104.895304, 39.48296], [-104.891003, 39.478158], [-104.886176, 39.478156], [-104.886167, 39.472865], [-104.884963, 39.473008], [-104.882731, 39.47225], [-104.88205, 39.472149], [-104.881338, 39.472298], [-104.879646, 39.472979], [-104.878808, 39.472851], [-104.878352, 39.472329], [-104.876907, 39.472423], [-104.876404, 39.472933], [-104.875411, 39.473165], [-104.87446, 39.473157], [-104.874406, 39.473296], [-104.873209, 39.473033], [-104.873498, 39.472161], [-104.874762, 39.472222], [-104.874772, 39.472118], [-104.874046, 39.471978], [-104.873606, 39.471111], [-104.873572, 39.469174], [-104.875724, 39.456037], [-104.875978, 39.452273], [-104.876764, 39.450239], [-104.876977, 39.450246], [-104.877469, 39.449731], [-104.889973, 39.449822], [-104.890075, 39.450058], [-104.890301, 39.459698], [-104.892422, 39.45827], [-104.894303, 39.459943], [-104.896619, 39.459934], [-104.898034, 39.461349], [-104.898109, 39.463996], [-104.899678, 39.464543], [-104.901297, 39.463429], [-104.902057, 39.463103], [-104.907084, 39.462907], [-104.907413, 39.462152], [-104.909671, 39.46223], [-104.910118, 39.461205], [-104.910774, 39.460429], [-104.913794, 39.458821], [-104.913689, 39.459386], [-104.913812, 39.463569], [-104.914452, 39.464836], [-104.913884, 39.466915], [-104.914456, 39.468953], [-104.914484, 39.470138], [-104.914946, 39.470628], [-104.916305, 39.471062], [-104.916995, 39.47145], [-104.914677, 39.471502], [-104.914243, 39.485474], [-104.923624, 39.485509]]]]}}, {"type": "Feature", "properties": {"key": "castle_rock", "name": "Castle Rock"}, "geometry": {"type": "MultiPolygon", "coordinates": [[[[-104.875287, 39.338971], [-104.873903, 39.342765], [-104.868143, 39.342703], [-104.869062, 39.340989], [-104.8696, 39.339328], [-104.872424, 39.339403], [-104.872436, 39.338973], [-104.875287, 39.338971]]], [[[-104.886385, 39.347771], [-104.886335, 39.354988], [-104.870517, 39.354862], [-104.872338, 39.351261], [-104.87684, 39.338966], [-104.882524, 39.339001], [-104.881945, 39.340425], [-104.881697, 39.340422], [-104.881839, 39.345689], [-104.881364, 39.345836], [-104.881878, 39.347718], [-104.886385, 39.347771]]], [[[-104.914474, 39.333476], [-104.905072, 39.333308], [-104.905045, 39.33694], [-104.88503, 39.336852], [-104.884892, 39.336846], [-104.884886, 39.336693], [-104.884579, 39.336707], [-104.883418, 39.336835], [-104.882558, 39.338868], [-104.876826, 39.338866], [-104.885128, 39.315913], [-104.887541, 39.315879], [-104.887558, 39.314223], [-104.885749, 39.3142], [-104.886272, 39.312754], [-104.886262, 39.313376], [-104.887035, 39.311292], [-104.905123, 39.311504], [-104.914392, 39.311466], [-104.914474, 39.333476]]], [[[-104.920682, 39.405876], [-104.919252, 39.405948], [-104.919236, 39.409629], [-104.914624, 39.409762], [-104.914599, 39.413401], [-104.905392, 39.413724], [-104.905293, 39.42391], [-104.902926, 39.422909], [-104.902269, 39.422841], [-104.90091, 39.423007], [-104.900019, 39.422881], [-104.897067, 39.421996], [-104.896919, 39.422049], [-104.896853, 39.422351], [-104.89699, 39.423104], [-104.8969, 39.423087], [-104.891196, 39.42084], [-104.890851, 39.420838], [-104.886497, 39.419222], [-104.885012, 39.418287], [-104.882167, 39.415289], [-104.882804, 39.414774], [-104.882998, 39.41436], [-104.882719, 39.414105], [-104.88109, 39.414215], [-104.877514, 39.410974], [-104.885136, 39.418608], [-104.886634, 39.419468], [-104.890385, 39.420841], [-104.888189, 39.420825], [-104.886422, 39.422945], [-104.884276, 39.424295], [-104.882291, 39.424868], [-104.880103, 39.425141], [-104.878874, 39.425583], [-104.877805, 39.426318], [-104.875191, 39.422496], [-104.875449, 39.422389], [-104.870465, 39.415027], [-104.869284, 39.412218], [-104.867788, 39.410844], [-104.867757, 39.413237], [-104.866883, 39.413234], [-104.867755, 39.414295], [-104.867715, 39.417022], [-104.861683, 39.41696], [-104.861705, 39.414991], [-104.853333, 39.414945], [-104.854052, 39.416268], [-104.854728, 39.416816], [-104.855877, 39.416837], [-104.859905, 39.419181], [-104.859878, 39.420489], [-104.857626, 39.42046], [-104.85763, 39.421882], [-104.857288, 39.422733], [-104.857389, 39.423171], [-104.860601, 39.423232], [-104.860354, 39.427962], [-104.867374, 39.428182], [-104.867553, 39.423729], [-104.875026, 39.42384], [-104.876688, 39.42627], [-104.872457, 39.426298], [-104.872458, 39.42815], [-104.871129, 39.428159], [-104.870349, 39.424973], [-104.867661, 39.427294], [-104.867586, 39.428181], [-104.867475, 39.428181], [-104.867531, 39.429608], [-104.863221, 39.429577], [-104.863144, 39.431565], [-104.858212, 39.431458], [-104.858268, 39.434998], [-104.844278, 39.434814], [-104.844287, 39.431198], [-104.83961, 39.431167], [-104.839625, 39.42028], [-104.834945, 39.420267], [-104.834942, 39.4192], [-104.839199, 39.417025], [-104.83963, 39.417532], [-104.839658, 39.416757], [-104.840487, 39.415829], [-104.840313, 39.415667], [-104.842171, 39.413087], [-104.838559, 39.413037], [-104.838012, 39.412138], [-104.83726, 39.411304], [-104.836488, 39.410084], [-104.837065, 39.407919], [-104.83712, 39.40615], [-104.835908, 39.405812], [-104.83283, 39.405674], [-104.831697, 39.405235], [-104.830816, 39.404506], [-104.830419, 39.403847], [-104.83026, 39.403142], [-104.830279, 39.398355], [-104.817169, 39.398436], [-104.817092, 39.409319], [-104.812427, 39.409302], [-104.812341, 39.420198], [-104.807715, 39.420223], [-104.80768, 39.423861], [-104.798347, 39.423916], [-104.798345, 39.427547], [-104.784423, 39.427704], [-104.775027, 39.427659], [-104.775011, 39.431367], [-104.770368, 39.431304], [-104.770342, 39.418045], [-104.761306, 39.418083], [-104.761375, 39.416727], [-104.784422, 39.416693], [-104.784434, 39.402124], [-104.789068, 39.40212], [-104.789201, 39.384062], [-104.784558, 39.384088], [-104.784538, 39.369597], [-104.779894, 39.369565], [-104.77988, 39.362345], [-104.793865, 39.362239], [-104.793903, 39.347682], [-104.800979, 39.347667], [-104.803321, 39.351293], [-104.808026, 39.351298], [-104.808023, 39.354928], [-104.812954, 39.354915], [-104.812952, 39.355074], [-104.817135, 39.354946], [-104.818091, 39.354631], [-104.819115, 39.353908], [-104.819853, 39.353599], [-104.822412, 39.353568], [-104.823549, 39.353239], [-104.824245, 39.352812], [-104.824797, 39.353387], [-104.825002, 39.35344], [-104.827138, 39.353308], [-104.827993, 39.351748], [-104.830568, 39.352948], [-104.835324, 39.352942], [-104.8353, 39.352141], [-104.838133, 39.354859], [-104.839044, 39.355549], [-104.836543, 39.355763], [-104.836566, 39.35704], [-104.840076, 39.357031], [-104.84008, 39.356364], [-104.842145, 39.357932], [-104.842361, 39.357856], [-104.841688, 39.357194], [-104.842707, 39.356544], [-104.839822, 39.354697], [-104.844706, 39.354685], [-104.844634, 39.351084], [-104.853896, 39.351097], [-104.85384, 39.343866], [-104.833752, 39.343854], [-104.833584, 39.343285], [-104.831873, 39.340646], [-104.831683, 39.340674], [-104.828694, 39.335576], [-104.828867, 39.335504], [-104.828307, 39.334516], [-104.82828, 39.334124], [-104.82794, 39.334095], [-104.827135, 39.332525], [-104.823936, 39.329383], [-104.826637, 39.329372], [-104.826529, 39.325976], [-104.828528, 39.325987], [-104.828587, 39.325343], [-104.827712, 39.324666], [-104.826487, 39.324669], [-104.826288, 39.318436], [-104.843813, 39.318379], [-104.84466, 39.317527], [-104.844601, 39.315678], [-104.843473, 39.316216], [-104.84293, 39.316213], [-104.842782, 39.314535], [-104.843207, 39.313308], [-104.84538, 39.312135], [-104.846042, 39.311438], [-104.846921, 39.311487], [-104.846783, 39.312165], [-104.848016, 39.312961], [-104.84728, 39.313775], [-104.847793, 39.314086], [-104.848029, 39.314404], [-104.848011, 39.315123], [-104.849031, 39.315464], [-104.849088, 39.318368], [-104.876074, 39.318518], [-104.874017, 39.32212], [-104.874205, 39.322122], [-104.873338, 39.324303], [-104.87239, 39.328129], [-104.872381, 39.327423], [-104.871893, 39.329367], [-104.87209, 39.329365], [-104.87043, 39.33516], [-104.870103, 39.335107], [-104.869205, 39.337908], [-104.86905, 39.338716], [-104.869398, 39.338777], [-104.868867, 39.340527], [-104.866648, 39.344829], [-104.866301, 39.345912], [-104.866075, 39.34754], [-104.865916, 39.347538], [-104.865713, 39.348437], [-104.864551, 39.351184], [-104.864745, 39.351182], [-104.863566, 39.352887], [-104.86119, 39.355334], [-104.860342, 39.356701], [-104.859678, 39.361244], [-104.858643, 39.364112], [-104.85865, 39.363612], [-104.858151, 39.364917], [-104.858627, 39.365117], [-104.860016, 39.361386], [-104.860244, 39.360354], [-104.860425, 39.35792], [-104.86074, 39.356667], [-104.861346, 39.355656], [-104.863929, 39.352969], [-104.865131, 39.351206], [-104.865305, 39.351197], [-104.866413, 39.348516], [-104.866626, 39.347546], [-104.866449, 39.347545], [-104.866799, 39.34538], [-104.867734, 39.343407], [-104.867763, 39.345827], [-104.872768, 39.345928], [-104.870962, 39.350951], [-104.867743, 39.357395], [-104.866379, 39.361235], [-104.865619, 39.362361], [-104.865208, 39.362113], [-104.864697, 39.362676], [-104.865135, 39.362909], [-104.864346, 39.363689], [-104.865731, 39.363759], [-104.865882, 39.363908], [-104.865244, 39.365815], [-104.867962, 39.365255], [-104.867958, 39.362131], [-104.886319, 39.362214], [-104.886319, 39.362396], [-104.890822, 39.362434], [-104.890868, 39.369667], [-104.891067, 39.369748], [-104.889827, 39.371693], [-104.888203, 39.373108], [-104.905091, 39.373304], [-104.905148, 39.376904], [-104.914487, 39.37688], [-104.914495, 39.384052], [-104.919164, 39.384056], [-104.91923, 39.402239], [-104.920729, 39.402184], [-104.920682, 39.405876]], [[-104.881735, 39.380312], [-104.877987, 39.380264], [-104.877972, 39.382168], [-104.881724, 39.382152], [-104.881735, 39.380312]], [[-104.881717, 39.377896], [-104.881241, 39.377392], [-104.88011, 39.378033], [-104.879861, 39.377776], [-104.879605, 39.377923], [-104.880355, 39.378729], [-104.881717, 39.377896]], [[-104.878431, 39.379785], [-104.877696, 39.379016], [-104.878268, 39.378689], [-104.877737, 39.378591], [-104.876685, 39.379313], [-104.876626, 39.380166], [-104.877303, 39.38016], [-104.878431, 39.379785]], [[-104.874673, 39.401575], [-104.872713, 39.398702], [-104.872593, 39.398703], [-104.872552, 39.395529], [-104.869475, 39.384055], [-104.868553, 39.381563], [-104.869276, 39.381563], [-104.869276, 39.381151], [-104.868951, 39.380354], [-104.867632, 39.380346], [-104.869183, 39.384452], [-104.871068, 39.392245], [-104.871893, 39.395096], [-104.867156, 39.395056], [-104.864596, 39.390752], [-104.863228, 39.38874], [-104.863246, 39.388386], [-104.860995, 39.385308], [-104.861155, 39.383903], [-104.861403, 39.383598], [-104.861298, 39.382768], [-104.862392, 39.380232], [-104.858949, 39.380182], [-104.858556, 39.382443], [-104.858683, 39.383123], [-104.859089, 39.383962], [-104.859586, 39.386575], [-104.859487, 39.387661], [-104.860488, 39.387742], [-104.860728, 39.386235], [-104.863129, 39.389508], [-104.863133, 39.389276], [-104.863442, 39.389669], [-104.866759, 39.395045], [-104.864724, 39.395014], [-104.867225, 39.398646], [-104.869172, 39.398683], [-104.869793, 39.399681], [-104.868335, 39.400281], [-104.869074, 39.400921], [-104.869689, 39.401712], [-104.870611, 39.401341], [-104.871472, 39.402826], [-104.870431, 39.403239], [-104.871671, 39.405062], [-104.872862, 39.404614], [-104.871621, 39.402406], [-104.874673, 39.401575]], [[-104.874238, 39.376712], [-104.872468, 39.376692], [-104.87247, 39.378824], [-104.870669, 39.378835], [-104.870667, 39.380191], [-104.874235, 39.380193], [-104.874238, 39.376712]], [[-104.873415, 39.409171], [-104.872317, 39.408142], [-104.871409, 39.407014], [-104.871556, 39.406731], [-104.872359, 39.406602], [-104.871676, 39.40564], [-104.86941, 39.405958], [-104.867847, 39.405199], [-104.867824, 39.40739], [-104.867992, 39.407685], [-104.869089, 39.407689], [-104.869076, 39.40897], [-104.868012, 39.408964], [-104.868009, 39.409466], [-104.871873, 39.409521], [-104.871945, 39.409688], [-104.872689, 39.409697], [-104.873415, 39.409171]], [[-104.871029, 39.404716], [-104.86956, 39.402564], [-104.868612, 39.401565], [-104.867872, 39.40112], [-104.867848, 39.404778], [-104.870074, 39.404957], [-104.871029, 39.404716]], [[-104.868329, 39.400634], [-104.868122, 39.400328], [-104.867938, 39.400058], [-104.867931, 39.400461], [-104.868329, 39.400634]], [[-104.867966, 39.380188], [-104.866532, 39.376648], [-104.866113, 39.376642], [-104.867545, 39.380183], [-104.867966, 39.380188]], [[-104.866991, 39.398658], [-104.864484, 39.395012], [-104.860476, 39.39491], [-104.860094, 39.392553], [-104.860102, 39.391498], [-104.860371, 39.391332], [-104.860155, 39.390996], [-104.860125, 39.390562], [-104.860432, 39.388022], [-104.859455, 39.38793], [-104.859513, 39.38989], [-104.859237, 39.393143], [-104.859786, 39.398564], [-104.866991, 39.398658]], [[-104.865051, 39.369299], [-104.863166, 39.369282], [-104.863152, 39.371714], [-104.863283, 39.37174], [-104.86315, 39.372034], [-104.863138, 39.377473], [-104.863482, 39.376337], [-104.864238, 39.375482], [-104.864772, 39.373076], [-104.864724, 39.37216], [-104.864487, 39.372167], [-104.864466, 39.371157], [-104.865051, 39.369299]], [[-104.859233, 39.396439], [-104.858952, 39.393118], [-104.853599, 39.393039], [-104.853569, 39.39122], [-104.839644, 39.391138], [-104.839768, 39.387411], [-104.830644, 39.387457], [-104.83066, 39.403394], [-104.83093, 39.404056], [-104.831486, 39.404701], [-104.832631, 39.405292], [-104.833607, 39.405462], [-104.836067, 39.405522], [-104.837396, 39.405925], [-104.837416, 39.405668], [-104.848909, 39.405782], [-104.848922, 39.396389], [-104.859233, 39.396439]], [[-104.858939, 39.391103], [-104.858704, 39.387524], [-104.850832, 39.387432], [-104.850808, 39.387989], [-104.851145, 39.388173], [-104.851121, 39.388744], [-104.851538, 39.389127], [-104.851807, 39.38911], [-104.851461, 39.389187], [-104.851479, 39.389459], [-104.853705, 39.389468], [-104.854275, 39.389897], [-104.855048, 39.390201], [-104.85668, 39.390379], [-104.857351, 39.390587], [-104.858004, 39.391141], [-104.858939, 39.391103]], [[-104.858605, 39.365668], [-104.857875, 39.365657], [-104.857209, 39.368377], [-104.857949, 39.368382], [-104.858605, 39.365668]], [[-104.857438, 39.413198], [-104.852086, 39.413173], [-104.850514, 39.413172], [-104.851367, 39.414106], [-104.855097, 39.414102], [-104.8551, 39.414437], [-104.857322, 39.414446], [-104.857438, 39.413198]], [[-104.853244, 39.369195], [-104.852464, 39.368328], [-104.85024, 39.369006], [-104.849756, 39.368876], [-104.849762, 39.369181], [-104.853244, 39.369195]], [[-104.849664, 39.377414], [-104.847812, 39.377287], [-104.847545, 39.379221], [-104.84851, 39.379249], [-104.849617, 39.379067], [-104.849664, 39.377414]], [[-104.849651, 39.366465], [-104.849633, 39.365536], [-104.842659, 39.365571], [-104.842647, 39.366212], [-104.843, 39.366486], [-104.844566, 39.366765], [-104.845941, 39.366759], [-104.846421, 39.366485], [-104.846777, 39.366453], [-104.847218, 39.366602], [-104.84799, 39.36644], [-104.848283, 39.366103], [-104.84855, 39.366082], [-104.848915, 39.366508], [-104.849651, 39.366465]], [[-104.849516, 39.359799], [-104.848995, 39.360059], [-104.846119, 39.361499], [-104.846553, 39.36191], [-104.84957, 39.361904], [-104.849516, 39.359799]], [[-104.84352, 39.380013], [-104.843515, 39.378615], [-104.841622, 39.376919], [-104.840126, 39.376217], [-104.840114, 39.37694], [-104.838889, 39.376944], [-104.839061, 39.376099], [-104.83705, 39.376305], [-104.834746, 39.377182], [-104.833569, 39.377415], [-104.831712, 39.377465], [-104.829814, 39.377222], [-104.829463, 39.378558], [-104.82963, 39.379254], [-104.830202, 39.380221], [-104.84352, 39.380013]], [[-104.842921, 39.360056], [-104.840132, 39.35997], [-104.840123, 39.360852], [-104.842857, 39.360885], [-104.842921, 39.360056]], [[-104.841957, 39.37474], [-104.841, 39.375067], [-104.840081, 39.375681], [-104.840286, 39.375796], [-104.840207, 39.375937], [-104.841942, 39.376829], [-104.841957, 39.37474]], [[-104.837556, 39.375057], [-104.83537, 39.373632], [-104.834814, 39.373633], [-104.833974, 39.374385], [-104.833481, 39.37459], [-104.833327, 39.375145], [-104.831534, 39.375258], [-104.827407, 39.372727], [-104.82759, 39.372613], [-104.826019, 39.371129], [-104.825184, 39.371697], [-104.829021, 39.375323], [-104.829191, 39.375321], [-104.829781, 39.376051], [-104.831009, 39.377158], [-104.832841, 39.37723], [-104.834524, 39.376936], [-104.837141, 39.375916], [-104.837556, 39.375057]], [[-104.831909, 39.365234], [-104.830655, 39.364961], [-104.830765, 39.361983], [-104.824496, 39.362039], [-104.82245, 39.3626], [-104.820994, 39.363166], [-104.819322, 39.363515], [-104.818433, 39.364107], [-104.818189, 39.364646], [-104.818301, 39.365094], [-104.81909, 39.365886], [-104.825827, 39.365869], [-104.825691, 39.366957], [-104.826018, 39.36744], [-104.827354, 39.368068], [-104.827877, 39.367737], [-104.827151, 39.366612], [-104.827608, 39.365731], [-104.826575, 39.365661], [-104.830628, 39.365622], [-104.830617, 39.365927], [-104.831909, 39.365234]], [[-104.826904, 39.370331], [-104.8257, 39.369165], [-104.82459, 39.369849], [-104.825831, 39.371032], [-104.826904, 39.370331]], [[-104.826764, 39.358462], [-104.822085, 39.358426], [-104.822021, 39.362068], [-104.814305, 39.362176], [-104.81602, 39.363882], [-104.817294, 39.364522], [-104.817621, 39.364432], [-104.818275, 39.363654], [-104.819106, 39.363171], [-104.820941, 39.362778], [-104.822315, 39.362231], [-104.823688, 39.361929], [-104.825319, 39.361109], [-104.826778, 39.360752], [-104.826764, 39.358462]], [[-104.82657, 39.376438], [-104.826515, 39.373153], [-104.826065, 39.372719], [-104.8257, 39.373307], [-104.825712, 39.374547], [-104.826251, 39.374557], [-104.82627, 39.376426], [-104.82657, 39.376438]], [[-104.822334, 39.369334], [-104.822241, 39.369244], [-104.822028, 39.369035], [-104.82202, 39.369337], [-104.822334, 39.369334]], [[-104.822074, 39.356629], [-104.812948, 39.356819], [-104.812974, 39.359074], [-104.813559, 39.360425], [-104.816826, 39.360393], [-104.816905, 39.358509], [-104.819625, 39.358474], [-104.819628, 39.357564], [-104.82205, 39.357542], [-104.822074, 39.356629]], [[-104.820751, 39.390549], [-104.819192, 39.388237], [-104.818593, 39.388443], [-104.81888, 39.388861], [-104.818975, 39.389327], [-104.818639, 39.390198], [-104.820751, 39.390549]], [[-104.81826, 39.36559], [-104.815566, 39.363965], [-104.813845, 39.362174], [-104.81356, 39.36104], [-104.812723, 39.359], [-104.812676, 39.365651], [-104.81826, 39.36559]], [[-104.818051, 39.388373], [-104.817091, 39.388004], [-104.816617, 39.387595], [-104.816485, 39.387323], [-104.816485, 39.386721], [-104.81688, 39.385843], [-104.81531, 39.384747], [-104.815584, 39.387104], [-104.815861, 39.387625], [-104.815591, 39.388854], [-104.815908, 39.389316], [-104.816344, 39.389257], [-104.816351, 39.388719], [-104.818051, 39.388373]], [[-104.816478, 39.38324], [-104.815877, 39.381437], [-104.814636, 39.381585], [-104.813431, 39.382039], [-104.813608, 39.382633], [-104.81307, 39.382874], [-104.813719, 39.385113], [-104.814253, 39.384871], [-104.814216, 39.384736], [-104.816478, 39.38324]], [[-104.813821, 39.393458], [-104.813307, 39.391536], [-104.813571, 39.389474], [-104.809462, 39.390279], [-104.809304, 39.390477], [-104.803618, 39.38757], [-104.804167, 39.387568], [-104.804838, 39.383446], [-104.805306, 39.382864], [-104.810071, 39.378356], [-104.810897, 39.377772], [-104.813087, 39.376723], [-104.812534, 39.37673], [-104.812536, 39.37662], [-104.81084, 39.377471], [-104.809456, 39.378536], [-104.805527, 39.38221], [-104.79853, 39.382267], [-104.798541, 39.380478], [-104.795422, 39.380504], [-104.793886, 39.381658], [-104.793796, 39.38762], [-104.803396, 39.387658], [-104.804163, 39.389697], [-104.804233, 39.390284], [-104.803928, 39.391169], [-104.803136, 39.392045], [-104.803108, 39.401012], [-104.806483, 39.400839], [-104.806724, 39.399855], [-104.806735, 39.398576], [-104.806987, 39.398018], [-104.81198, 39.401149], [-104.811611, 39.398021], [-104.811274, 39.397773], [-104.811439, 39.395717], [-104.80838, 39.394825], [-104.808693, 39.393829], [-104.808388, 39.393203], [-104.813821, 39.393458]], [[-104.813298, 39.38655], [-104.809611, 39.384459], [-104.809127, 39.385483], [-104.807661, 39.38624], [-104.807283, 39.386593], [-104.805432, 39.386384], [-104.804499, 39.387402], [-104.808718, 39.388963], [-104.809012, 39.38919], [-104.812761, 39.388645], [-104.812495, 39.387415], [-104.813298, 39.38655]], [[-104.808333, 39.406659], [-104.806643, 39.404631], [-104.803103, 39.403384], [-104.8031, 39.405804], [-104.802357, 39.406504], [-104.800497, 39.407171], [-104.80025, 39.4057], [-104.796474, 39.405649], [-104.798053, 39.409048], [-104.79834, 39.409075], [-104.798529, 39.409376], [-104.799689, 39.409884], [-104.800048, 39.409426], [-104.800868, 39.408936], [-104.802044, 39.409605], [-104.800944, 39.411396], [-104.79959, 39.414449], [-104.800475, 39.416128], [-104.802762, 39.416038], [-104.805142, 39.414851], [-104.80592, 39.415338], [-104.807867, 39.412501], [-104.805004, 39.412123], [-104.804968, 39.410258], [-104.80681, 39.407779], [-104.808333, 39.406659]], [[-104.794506, 39.417916], [-104.793704, 39.416641], [-104.789044, 39.416653], [-104.789026, 39.421205], [-104.789635, 39.420718], [-104.790009, 39.419849], [-104.791505, 39.419345], [-104.792564, 39.418181], [-104.793195, 39.417958], [-104.794506, 39.417916]]]]}}, {"type": "Feature", "properties": {"key": "thornton", "name": "Thornton"}, "geometry": {"type": "MultiPolygon", "coordinates": [[[[-104.917738, 39.87099], [-104.91554, 39.872189], [-104.915538, 39.871942], [-104.912468, 39.871805], [-104.912459, 39.870922], [-104.917738, 39.87099]]], [[[-105.01545, 39.867159], [-105.015517, 39.885061], [-105.006099, 39.885065], [-105.006121, 39.87861], [-105.003504, 39.878579], [-105.001691, 39.878233], [-105.001749, 39.874019], [-105.002216, 39.87297], [-105.001309, 39.872554], [-105.001306, 39.87197], [-105.00104, 39.871969], [-105.001036, 39.872467], [-105.000491, 39.87229], [-104.99557, 39.872202], [-104.995068, 39.871879], [-104.995073, 39.871311], [-104.993585, 39.871063], [-104.994633, 39.86882], [-104.994168, 39.86869], [-104.994318, 39.868376], [-104.993357, 39.868093], [-104.993198, 39.868418], [-104.992695, 39.868277], [-104.992169, 39.869388], [-104.991306, 39.869139], [-104.990123, 39.869461], [-104.988852, 39.869253], [-104.988666, 39.86944], [-104.988672, 39.870041], [-104.98889, 39.870331], [-104.991442, 39.87203], [-104.991119, 39.872319], [-104.991212, 39.872383], [-104.988096, 39.874903], [-104.987207, 39.8749], [-104.987102, 39.883231], [-104.986703, 39.884823], [-104.986292, 39.885083], [-104.986292, 39.885217], [-104.95892, 39.885117], [-104.958938, 39.892259], [-104.95716, 39.892242], [-104.954245, 39.890351], [-104.954246, 39.890167], [-104.946122, 39.885027], [-104.945923, 39.885025], [-104.945824, 39.8852], [-104.944752, 39.885284], [-104.944839, 39.885916], [-104.945169, 39.886419], [-104.944933, 39.886597], [-104.944888, 39.892161], [-104.949554, 39.892194], [-104.949578, 39.899398], [-104.958839, 39.899467], [-104.959072, 39.913901], [-104.958605, 39.913897], [-104.95864, 39.914874], [-104.959057, 39.916765], [-104.959073, 39.918017], [-104.96082, 39.921161], [-104.963755, 39.921196], [-104.963759, 39.920837], [-104.96514, 39.921492], [-104.966029, 39.921596], [-104.968474, 39.921379], [-104.968453, 39.91405], [-104.982526, 39.914173], [-104.98987, 39.914064], [-104.988264, 39.918004], [-104.987921, 39.919377], [-104.987776, 39.920671], [-104.988159, 39.968466], [-104.98811, 39.975747], [-104.987784, 39.975746], [-104.987746, 39.986483], [-104.987486, 39.987445], [-104.986768, 39.989107], [-104.981607, 39.998657], [-104.980944, 40.000325], [-104.923314, 40.000418], [-104.92331, 39.99937], [-104.922757, 39.999369], [-104.922756, 39.999131], [-104.922134, 39.999131], [-104.921877, 39.986477], [-104.907168, 39.986397], [-104.903331, 39.986532], [-104.903329, 39.986279], [-104.897818, 39.986525], [-104.884397, 39.986683], [-104.884238, 39.964844], [-104.89375, 39.964783], [-104.893795, 39.960019], [-104.8881, 39.95824], [-104.884709, 39.957016], [-104.884317, 39.956754], [-104.884317, 39.955146], [-104.884772, 39.955308], [-104.884696, 39.955432], [-104.885771, 39.955612], [-104.893759, 39.958689], [-104.893757, 39.957599], [-104.903042, 39.957567], [-104.903036, 39.95166], [-104.903152, 39.95032], [-104.90377, 39.950319], [-104.903722, 39.950158], [-104.903154, 39.950155], [-104.903033, 39.94792], [-104.902254, 39.947716], [-104.900681, 39.948254], [-104.900689, 39.949724], [-104.900332, 39.949725], [-104.900329, 39.950165], [-104.893709, 39.950177], [-104.893684, 39.943107], [-104.891611, 39.943195], [-104.89164, 39.950347], [-104.884141, 39.950364], [-104.884283, 39.943138], [-104.882234, 39.943134], [-104.881969, 39.942826], [-104.881075, 39.942387], [-104.880669, 39.94179], [-104.880293, 39.941683], [-104.879492, 39.941121], [-104.879148, 39.940586], [-104.878756, 39.9402], [-104.878454, 39.940148], [-104.878022, 39.939528], [-104.879579, 39.93952], [-104.879583, 39.937713], [-104.880296, 39.937709], [-104.880301, 39.935898], [-104.884109, 39.93588], [-104.884134, 39.92868], [-104.885311, 39.928567], [-104.893652, 39.928532], [-104.893699, 39.914756], [-104.894422, 39.914639], [-104.895006, 39.915288], [-104.896058, 39.915278], [-104.896665, 39.915023], [-104.899153, 39.914649], [-104.900624, 39.914612], [-104.900623, 39.915194], [-104.902927, 39.915192], [-104.902922, 39.910455], [-104.907293, 39.907065], [-104.912504, 39.907054], [-104.912511, 39.914026], [-104.917483, 39.913972], [-104.917458, 39.91302], [-104.917205, 39.913061], [-104.917251, 39.906037], [-104.912469, 39.906049], [-104.912511, 39.902275], [-104.91556, 39.89994], [-104.915532, 39.899688], [-104.92209, 39.899747], [-104.922181, 39.895113], [-104.921944, 39.895076], [-104.922192, 39.894051], [-104.922029, 39.894051], [-104.923159, 39.892508], [-104.923728, 39.89205], [-104.922263, 39.892085], [-104.921714, 39.89231], [-104.921752, 39.890703], [-104.912646, 39.890701], [-104.912628, 39.885031], [-104.903055, 39.885043], [-104.903069, 39.891381], [-104.902249, 39.891366], [-104.902232, 39.892028], [-104.902566, 39.892549], [-104.887965, 39.892475], [-104.889026, 39.890982], [-104.890278, 39.889935], [-104.890792, 39.888875], [-104.893705, 39.888878], [-104.893693, 39.887321], [-104.895389, 39.886001], [-104.895859, 39.885248], [-104.897544, 39.885249], [-104.896439, 39.884532], [-104.897323, 39.883664], [-104.897376, 39.883439], [-104.901222, 39.883451], [-104.901687, 39.881653], [-104.903059, 39.881656], [-104.90306, 39.881078], [-104.901175, 39.881049], [-104.90065, 39.882873], [-104.897519, 39.882871], [-104.899326, 39.881143], [-104.899861, 39.880022], [-104.899964, 39.879492], [-104.900557, 39.878851], [-104.901434, 39.878303], [-104.903064, 39.878087], [-104.904664, 39.878057], [-104.907201, 39.874353], [-104.912489, 39.874377], [-104.912509, 39.874821], [-104.913747, 39.874495], [-104.917313, 39.871751], [-104.919523, 39.870747], [-104.920069, 39.870198], [-104.921012, 39.868495], [-104.921921, 39.868492], [-104.922015, 39.865753], [-104.921365, 39.866717], [-104.92058, 39.867118], [-104.919137, 39.869459], [-104.918974, 39.870247], [-104.918359, 39.870659], [-104.912464, 39.870582], [-104.912485, 39.867692], [-104.913701, 39.866467], [-104.913748, 39.866206], [-104.914848, 39.866205], [-104.914856, 39.864415], [-104.917234, 39.864403], [-104.91891, 39.863488], [-104.919664, 39.862582], [-104.920009, 39.861688], [-104.920127, 39.861676], [-104.919767, 39.861211], [-104.919539, 39.860024], [-104.919683, 39.858054], [-104.924443, 39.85804], [-104.924448, 39.857036], [-104.924982, 39.857034], [-104.924984, 39.856342], [-104.926821, 39.856339], [-104.926802, 39.858025], [-104.931532, 39.858021], [-104.931568, 39.856928], [-104.935164, 39.857395], [-104.933785, 39.859333], [-104.933332, 39.859733], [-104.93436, 39.859702], [-104.935295, 39.858419], [-104.93684, 39.858827], [-104.936956, 39.858364], [-104.937246, 39.858008], [-104.937097, 39.857136], [-104.937518, 39.856784], [-104.937643, 39.856377], [-104.936945, 39.856405], [-104.936891, 39.856134], [-104.940259, 39.855951], [-104.940218, 39.855364], [-104.936637, 39.855287], [-104.935974, 39.856163], [-104.931658, 39.856258], [-104.931649, 39.852665], [-104.929179, 39.852652], [-104.929201, 39.856169], [-104.9282, 39.856181], [-104.928188, 39.855752], [-104.927612, 39.855752], [-104.927613, 39.856181], [-104.922094, 39.856011], [-104.92209, 39.854819], [-104.922261, 39.854549], [-104.923047, 39.854773], [-104.923744, 39.853211], [-104.924455, 39.852652], [-104.925014, 39.852652], [-104.925008, 39.850987], [-104.926806, 39.849594], [-104.926805, 39.849388], [-104.927982, 39.849388], [-104.927973, 39.847933], [-104.928747, 39.846988], [-104.929523, 39.846725], [-104.930219, 39.845463], [-104.93019, 39.845656], [-104.931386, 39.845881], [-104.931512, 39.845789], [-104.93149, 39.842823], [-104.932867, 39.842825], [-104.932868, 39.841888], [-104.933394, 39.841972], [-104.933412, 39.840062], [-104.934468, 39.839138], [-104.937832, 39.83915], [-104.937838, 39.838161], [-104.936236, 39.838156], [-104.93625, 39.835733], [-104.939419, 39.833206], [-104.942454, 39.831196], [-104.942606, 39.830873], [-104.944357, 39.83088], [-104.945469, 39.833992], [-104.94977, 39.842255], [-104.949375, 39.841736], [-104.94893, 39.841736], [-104.948835, 39.841486], [-104.948328, 39.841761], [-104.948247, 39.842468], [-104.948067, 39.842467], [-104.948038, 39.842805], [-104.947459, 39.842886], [-104.94707, 39.844636], [-104.946748, 39.844635], [-104.946717, 39.84707], [-104.949639, 39.847089], [-104.949623, 39.847994], [-104.946663, 39.847982], [-104.946664, 39.848692], [-104.942947, 39.8487], [-104.941817, 39.852385], [-104.952391, 39.852557], [-104.952375, 39.853548], [-104.949924, 39.853522], [-104.949928, 39.854329], [-104.949645, 39.854328], [-104.949656, 39.85601], [-104.974367, 39.856197], [-104.974208, 39.855015], [-104.974435, 39.854051], [-104.977137, 39.854195], [-104.977134, 39.851158], [-104.977818, 39.851168], [-104.97788, 39.846525], [-104.979087, 39.846519], [-104.980024, 39.846353], [-104.980222, 39.846734], [-104.981186, 39.846325], [-104.982577, 39.845443], [-104.983248, 39.846006], [-104.984374, 39.846308], [-104.984525, 39.845711], [-104.984453, 39.845378], [-104.987277, 39.845384], [-104.987271, 39.847521], [-104.987717, 39.84752], [-104.98772, 39.847339], [-104.988227, 39.84734], [-104.988225, 39.847005], [-104.988655, 39.847009], [-104.98865, 39.847917], [-104.989681, 39.847934], [-104.989684, 39.848935], [-104.993995, 39.848939], [-104.994414, 39.846757], [-104.996715, 39.847094], [-104.996556, 39.848087], [-104.996532, 39.852617], [-105.00596, 39.852572], [-105.006025, 39.868964], [-105.010726, 39.868964], [-105.010717, 39.867121], [-105.01545, 39.867159]], [[-104.987736, 39.972102], [-104.987561, 39.971606], [-104.987566, 39.970322], [-104.985241, 39.970385], [-104.985229, 39.972086], [-104.987736, 39.972102]], [[-104.982913, 39.948944], [-104.98285, 39.946677], [-104.978388, 39.946659], [-104.97845, 39.949167], [-104.982608, 39.949189], [-104.982913, 39.948944]], [[-104.981383, 39.971219], [-104.97847, 39.971226], [-104.978474, 39.971621], [-104.980074, 39.971626], [-104.980072, 39.972045], [-104.978477, 39.972041], [-104.978503, 39.973862], [-104.980673, 39.973879], [-104.980681, 39.972065], [-104.981379, 39.972061], [-104.981383, 39.971219]], [[-104.980896, 39.968436], [-104.979679, 39.968424], [-104.979777, 39.967609], [-104.978551, 39.967604], [-104.97852, 39.971095], [-104.980884, 39.971099], [-104.980896, 39.968436]], [[-104.980175, 39.954008], [-104.978508, 39.954001], [-104.978533, 39.956042], [-104.980214, 39.956024], [-104.980175, 39.954008]], [[-104.979953, 39.96097], [-104.978598, 39.960967], [-104.978591, 39.961925], [-104.979945, 39.961931], [-104.979953, 39.96097]], [[-104.978326, 39.986663], [-104.972776, 39.986679], [-104.972757, 39.988666], [-104.973694, 39.988663], [-104.973894, 39.989443], [-104.973841, 39.990795], [-104.974171, 39.991369], [-104.975158, 39.991794], [-104.97826, 39.991876], [-104.978326, 39.986663]], [[-104.978192, 39.957422], [-104.978018, 39.943164], [-104.971435, 39.943154], [-104.971411, 39.944061], [-104.970285, 39.944057], [-104.970249, 39.943148], [-104.959423, 39.943005], [-104.959528, 39.957354], [-104.978192, 39.957422]], [[-104.978157, 39.972506], [-104.978145, 39.970104], [-104.978138, 39.969924], [-104.976723, 39.970731], [-104.976525, 39.971135], [-104.976616, 39.971393], [-104.977192, 39.971908], [-104.978157, 39.972506]], [[-104.978153, 39.986335], [-104.978085, 39.982787], [-104.977854, 39.982785], [-104.977854, 39.982922], [-104.977106, 39.982923], [-104.976825, 39.982587], [-104.976485, 39.982524], [-104.975904, 39.982924], [-104.97359, 39.982927], [-104.973585, 39.986458], [-104.978, 39.986453], [-104.978153, 39.986335]], [[-104.972906, 39.979288], [-104.965029, 39.978023], [-104.960109, 39.977596], [-104.95989, 39.978797], [-104.959517, 39.979003], [-104.959525, 39.980829], [-104.960765, 39.98083], [-104.960766, 39.981733], [-104.959529, 39.981731], [-104.959551, 39.986356], [-104.961928, 39.986488], [-104.968842, 39.986503], [-104.968884, 39.979287], [-104.972906, 39.979288]], [[-104.970192, 39.986673], [-104.963424, 39.98668], [-104.962981, 39.987243], [-104.961579, 39.98685], [-104.959542, 39.986771], [-104.959507, 39.991807], [-104.964184, 39.991828], [-104.964168, 39.993582], [-104.970077, 39.993615], [-104.968786, 39.992191], [-104.968807, 39.987212], [-104.9695, 39.987565], [-104.97017, 39.987563], [-104.970192, 39.986673]], [[-104.96893, 39.972027], [-104.966686, 39.972018], [-104.966677, 39.972584], [-104.968915, 39.972705], [-104.96893, 39.972027]], [[-104.968915, 39.972911], [-104.966255, 39.972767], [-104.963732, 39.975676], [-104.968893, 39.977136], [-104.968915, 39.972911]], [[-104.967519, 39.957644], [-104.966453, 39.957642], [-104.966453, 39.958084], [-104.967305, 39.958086], [-104.967511, 39.957895], [-104.967519, 39.957644]], [[-104.962069, 39.972011], [-104.961547, 39.972017], [-104.959529, 39.972001], [-104.959681, 39.972506], [-104.960029, 39.972809], [-104.960387, 39.97291], [-104.961332, 39.972455], [-104.962069, 39.972345], [-104.962069, 39.972011]], [[-104.961806, 39.994563], [-104.960269, 39.994555], [-104.960274, 39.99397], [-104.95949, 39.993966], [-104.959482, 39.995884], [-104.959236, 39.995884], [-104.959262, 39.993553], [-104.941783, 39.993519], [-104.941178, 39.988784], [-104.941182, 39.986578], [-104.93883, 39.986562], [-104.93882, 39.987063], [-104.94011, 39.987285], [-104.940313, 39.993607], [-104.940713, 39.997097], [-104.931304, 39.997063], [-104.931257, 40.00026], [-104.954566, 40.000222], [-104.954565, 40.000127], [-104.959179, 40.000211], [-104.959192, 39.996361], [-104.961787, 39.996377], [-104.961806, 39.994563]], [[-104.961506, 39.969286], [-104.961504, 39.968331], [-104.959557, 39.968319], [-104.959557, 39.969727], [-104.960495, 39.969287], [-104.961506, 39.969286]], [[-104.958872, 39.942945], [-104.958226, 39.942944], [-104.956459, 39.94552], [-104.955688, 39.947256], [-104.955356, 39.948677], [-104.955285, 39.950384], [-104.956053, 39.957337], [-104.956565, 39.957337], [-104.956573, 39.956926], [-104.95582, 39.950372], [-104.955936, 39.948449], [-104.956701, 39.946142], [-104.958872, 39.942945]], [[-104.956243, 39.95901], [-104.956591, 39.957441], [-104.946719, 39.957398], [-104.946555, 39.957521], [-104.931471, 39.957496], [-104.931427, 39.964662], [-104.940267, 39.964663], [-104.940268, 39.966434], [-104.939039, 39.966784], [-104.93904, 39.967507], [-104.936333, 39.967564], [-104.935566, 39.967849], [-104.934995, 39.968335], [-104.933342, 39.967866], [-104.931414, 39.96781], [-104.931413, 39.971299], [-104.932964, 39.971836], [-104.93368, 39.971837], [-104.937066, 39.972832], [-104.938033, 39.972017], [-104.939283, 39.972022], [-104.938596, 39.972889], [-104.939324, 39.97331], [-104.93998, 39.974015], [-104.939829, 39.974127], [-104.942269, 39.975221], [-104.942855, 39.975075], [-104.944724, 39.975606], [-104.944951, 39.974999], [-104.94648, 39.975451], [-104.94493, 39.97749], [-104.942126, 39.977501], [-104.940392, 39.977293], [-104.940402, 39.977052], [-104.939457, 39.976799], [-104.936214, 39.975502], [-104.935044, 39.976979], [-104.934588, 39.976765], [-104.935757, 39.975287], [-104.934841, 39.97479], [-104.933445, 39.973693], [-104.933445, 39.973975], [-104.929936, 39.9719], [-104.921051, 39.971861], [-104.921069, 39.972982], [-104.922002, 39.972975], [-104.922029, 39.97767], [-104.920095, 39.977498], [-104.918961, 39.977897], [-104.917547, 39.978014], [-104.917098, 39.978245], [-104.916261, 39.979124], [-104.903293, 39.979139], [-104.903328, 39.986141], [-104.922633, 39.986024], [-104.949861, 39.986256], [-104.949873, 39.978306], [-104.950919, 39.978176], [-104.950821, 39.976994], [-104.949853, 39.976967], [-104.945978, 39.977415], [-104.947282, 39.97558], [-104.946978, 39.975577], [-104.948336, 39.973639], [-104.948894, 39.972525], [-104.950963, 39.966518], [-104.951829, 39.96514], [-104.955511, 39.960472], [-104.956243, 39.95901]], [[-104.945961, 39.957324], [-104.94596, 39.955865], [-104.944498, 39.955861], [-104.944498, 39.953769], [-104.940379, 39.953759], [-104.940389, 39.957305], [-104.945961, 39.957324]], [[-104.940146, 39.957274], [-104.940126, 39.950077], [-104.933489, 39.950079], [-104.933489, 39.951473], [-104.935842, 39.951465], [-104.935864, 39.954239], [-104.931488, 39.954255], [-104.931463, 39.957292], [-104.940146, 39.957274]], [[-104.93607, 39.875981], [-104.93604, 39.874093], [-104.93131, 39.874164], [-104.931332, 39.875984], [-104.931225, 39.875999], [-104.921924, 39.876188], [-104.921897, 39.873916], [-104.931305, 39.873732], [-104.931268, 39.870635], [-104.921916, 39.870718], [-104.93147, 39.862284], [-104.931466, 39.861381], [-104.929038, 39.863525], [-104.928912, 39.863999], [-104.928522, 39.864557], [-104.92795, 39.865062], [-104.927041, 39.865291], [-104.921113, 39.870519], [-104.921192, 39.877943], [-104.931354, 39.877752], [-104.931333, 39.876082], [-104.93607, 39.875981]], [[-104.935293, 39.987457], [-104.935126, 39.987214], [-104.933756, 39.986558], [-104.926995, 39.986366], [-104.922155, 39.986414], [-104.922206, 39.993589], [-104.928621, 39.9936], [-104.928722, 39.993443], [-104.930226, 39.993034], [-104.931045, 39.992399], [-104.931067, 39.991645], [-104.931488, 39.991619], [-104.931485, 39.989235], [-104.932433, 39.988894], [-104.933187, 39.988093], [-104.934127, 39.988314], [-104.934393, 39.988229], [-104.935189, 39.987836], [-104.935293, 39.987457]], [[-104.931641, 39.851476], [-104.931635, 39.85053], [-104.930238, 39.85054], [-104.930245, 39.851471], [-104.931641, 39.851476]], [[-104.931631, 39.848765], [-104.930706, 39.848764], [-104.93071, 39.848978], [-104.931631, 39.848984], [-104.931631, 39.848765]], [[-104.931381, 39.880403], [-104.931354, 39.87789], [-104.927288, 39.877972], [-104.927263, 39.878356], [-104.927825, 39.878376], [-104.927852, 39.881532], [-104.930409, 39.881509], [-104.931263, 39.88086], [-104.931381, 39.880403]], [[-104.926726, 39.885033], [-104.926691, 39.88155], [-104.92199, 39.881632], [-104.922031, 39.885099], [-104.926726, 39.885033]], [[-104.922064, 39.957441], [-104.920807, 39.95745], [-104.920776, 39.961802], [-104.922036, 39.96181], [-104.922064, 39.957441]], [[-104.92203, 39.952011], [-104.922022, 39.950129], [-104.917314, 39.950104], [-104.917303, 39.94962], [-104.91393, 39.949652], [-104.913946, 39.95206], [-104.921719, 39.952035], [-104.92203, 39.952011]], [[-104.922005, 39.880723], [-104.921936, 39.87799], [-104.916197, 39.878127], [-104.917299, 39.87973], [-104.917439, 39.882539], [-104.919652, 39.88254], [-104.919597, 39.880728], [-104.922005, 39.880723]], [[-104.921961, 39.906034], [-104.920469, 39.906025], [-104.920463, 39.907653], [-104.921937, 39.907653], [-104.921961, 39.906034]], [[-104.921932, 39.910068], [-104.921937, 39.90777], [-104.920465, 39.907768], [-104.920458, 39.910082], [-104.921932, 39.910068]], [[-104.921899, 39.921222], [-104.921889, 39.915048], [-104.918095, 39.91525], [-104.918246, 39.914842], [-104.918251, 39.914175], [-104.90778, 39.914376], [-104.907776, 39.914151], [-104.903186, 39.914271], [-104.903217, 39.916374], [-104.904782, 39.916364], [-104.904786, 39.916713], [-104.907815, 39.916694], [-104.907786, 39.920014], [-104.903195, 39.920035], [-104.903204, 39.921387], [-104.921899, 39.921222]], [[-104.920594, 39.957478], [-104.919103, 39.95741], [-104.919091, 39.95918], [-104.920579, 39.95917], [-104.920594, 39.957478]], [[-104.920582, 39.899848], [-104.917278, 39.89985], [-104.917271, 39.901217], [-104.920568, 39.90128], [-104.920582, 39.899848]], [[-104.918563, 39.971854], [-104.912609, 39.971859], [-104.91262, 39.974287], [-104.918574, 39.974282], [-104.918563, 39.971854]], [[-104.917314, 39.885242], [-104.917272, 39.881643], [-104.914942, 39.881634], [-104.914953, 39.882537], [-104.916394, 39.882538], [-104.916415, 39.884207], [-104.912885, 39.884199], [-104.912896, 39.885239], [-104.917314, 39.885242]], [[-104.90458, 39.949469], [-104.904563, 39.943947], [-104.903803, 39.943223], [-104.903245, 39.943269], [-104.903273, 39.949221], [-104.903379, 39.949472], [-104.90458, 39.949469]], [[-104.903073, 39.93208], [-104.903069, 39.93126], [-104.901519, 39.931264], [-104.901522, 39.932088], [-104.903073, 39.93208]], [[-104.902926, 39.921418], [-104.898377, 39.921399], [-104.89836, 39.927512], [-104.897184, 39.927516], [-104.897184, 39.928484], [-104.902889, 39.928449], [-104.902926, 39.921418]], [[-104.89978, 39.885248], [-104.898653, 39.885249], [-104.898661, 39.885913], [-104.899801, 39.885912], [-104.89978, 39.885248]], [[-104.899306, 39.986314], [-104.899296, 39.985098], [-104.897572, 39.986321], [-104.899306, 39.986314]], [[-104.898407, 39.943013], [-104.898405, 39.942383], [-104.89691, 39.942387], [-104.896909, 39.943018], [-104.898407, 39.943013]], [[-104.886866, 39.935872], [-104.886631, 39.935873], [-104.886623, 39.934061], [-104.884407, 39.934066], [-104.884384, 39.936701], [-104.886865, 39.936696], [-104.886866, 39.935872]], [[-104.88599, 39.92876], [-104.884346, 39.928817], [-104.884356, 39.929369], [-104.885994, 39.929363], [-104.88599, 39.92876]], [[-104.885776, 39.943203], [-104.884443, 39.943205], [-104.884448, 39.944263], [-104.885781, 39.944262], [-104.885776, 39.943203]], [[-104.885687, 39.938425], [-104.884385, 39.938426], [-104.884385, 39.939291], [-104.885687, 39.93929], [-104.885687, 39.938425]]]]}}, {"type": "Feature", "properties": {"key": "westminster", "name": "Westminster"}, "geometry": {"type": "MultiPolygon", "coordinates": [[[[-105.038066, 39.856814], [-105.038054, 39.858007], [-105.034399, 39.857951], [-105.034369, 39.856263], [-105.036463, 39.85629], [-105.036461, 39.856804], [-105.036853, 39.85681], [-105.036855, 39.856674], [-105.037529, 39.856731], [-105.037605, 39.856298], [-105.037601, 39.856807], [-105.038066, 39.856814]]], [[[-105.165557, 39.890988], [-105.165142, 39.891], [-105.165143, 39.891237], [-105.164417, 39.891166], [-105.164423, 39.891408], [-105.14744, 39.88945], [-105.14744, 39.889297], [-105.146989, 39.889212], [-105.134605, 39.889297], [-105.13455, 39.88983], [-105.134018, 39.889932], [-105.133555, 39.890785], [-105.132537, 39.89073], [-105.132622, 39.890634], [-105.132281, 39.889999], [-105.131733, 39.88979], [-105.13225, 39.889943], [-105.13255, 39.889176], [-105.131433, 39.889176], [-105.131097, 39.889985], [-105.130209, 39.89058], [-105.129723, 39.890357], [-105.128895, 39.890353], [-105.128941, 39.894598], [-105.128723, 39.894599], [-105.128678, 39.899985], [-105.128918, 39.899985], [-105.128918, 39.900255], [-105.128764, 39.900237], [-105.128668, 39.906425], [-105.128454, 39.906423], [-105.127815, 39.907132], [-105.123352, 39.907074], [-105.12211, 39.906736], [-105.120094, 39.905676], [-105.123531, 39.902106], [-105.122923, 39.901412], [-105.120406, 39.901964], [-105.118422, 39.901925], [-105.117863, 39.902529], [-105.118596, 39.903227], [-105.117732, 39.904202], [-105.115745, 39.903157], [-105.113763, 39.901735], [-105.114184, 39.900064], [-105.109412, 39.900067], [-105.102107, 39.899766], [-105.099956, 39.898229], [-105.096367, 39.898245], [-105.096323, 39.897308], [-105.095579, 39.897318], [-105.095237, 39.897717], [-105.091609, 39.895872], [-105.091509, 39.895985], [-105.090837, 39.895632], [-105.090876, 39.894193], [-105.089444, 39.894175], [-105.089351, 39.894542], [-105.087961, 39.896769], [-105.087749, 39.898136], [-105.084293, 39.898154], [-105.084285, 39.898957], [-105.081056, 39.89898], [-105.081055, 39.899821], [-105.071688, 39.899832], [-105.071775, 39.907018], [-105.062392, 39.907025], [-105.062386, 39.912528], [-105.055294, 39.912426], [-105.055319, 39.913725], [-105.052979, 39.913722], [-105.052971, 39.914224], [-105.034347, 39.914181], [-105.0344, 39.921371], [-105.023548, 39.921317], [-105.023545, 39.919225], [-105.021552, 39.919207], [-105.021536, 39.921359], [-105.015469, 39.921309], [-105.015536, 39.92491], [-105.014093, 39.924914], [-105.01411, 39.926351], [-105.014973, 39.925479], [-105.015539, 39.925253], [-105.015542, 39.925362], [-105.014972, 39.925599], [-105.014204, 39.92638], [-105.014178, 39.926667], [-105.013735, 39.92716], [-105.01343, 39.927955], [-105.012989, 39.928444], [-105.015488, 39.928426], [-105.015657, 39.943131], [-104.997025, 39.943239], [-104.997066, 39.947955], [-104.998123, 39.947958], [-104.998113, 39.946774], [-105.006265, 39.946805], [-105.006298, 39.950439], [-105.010992, 39.950474], [-105.010995, 39.951344], [-105.012533, 39.950344], [-105.013279, 39.950559], [-105.01554, 39.951644], [-105.016856, 39.952842], [-105.01641, 39.954101], [-105.015565, 39.955188], [-105.012331, 39.955748], [-105.011683, 39.956046], [-105.011629, 39.956454], [-105.013783, 39.956335], [-105.013824, 39.95676], [-105.014729, 39.956708], [-105.014625, 39.955647], [-105.015534, 39.955471], [-105.015482, 39.95789], [-105.009983, 39.957815], [-105.009993, 39.95894], [-105.009141, 39.958936], [-105.009146, 39.959508], [-105.008674, 39.959512], [-105.008715, 39.964941], [-104.997071, 39.964851], [-104.997118, 39.968528], [-104.988159, 39.968466], [-104.987761, 39.921226], [-104.988081, 39.918642], [-104.988922, 39.916188], [-104.98987, 39.914064], [-104.993202, 39.914046], [-104.993198, 39.91333], [-104.992663, 39.91333], [-104.992648, 39.911422], [-104.996647, 39.911424], [-104.996632, 39.899724], [-105.007556, 39.899712], [-105.007555, 39.900582], [-105.008026, 39.900587], [-105.008034, 39.899712], [-105.015532, 39.899657], [-105.015518, 39.885126], [-105.02502, 39.88513], [-105.025116, 39.872171], [-105.024918, 39.856274], [-105.015536, 39.856221], [-105.015339, 39.849043], [-105.015397, 39.84531], [-105.015713, 39.845108], [-105.017067, 39.84495], [-105.018804, 39.845148], [-105.018862, 39.841759], [-105.02193, 39.84178], [-105.021927, 39.842399], [-105.022372, 39.842401], [-105.022368, 39.841782], [-105.024773, 39.841789], [-105.024786, 39.83824], [-105.024565, 39.837327], [-105.024035, 39.836612], [-105.023287, 39.836138], [-105.021585, 39.835514], [-105.015502, 39.833554], [-105.015662, 39.822428], [-105.015801, 39.822042], [-105.016362, 39.822275], [-105.018489, 39.822172], [-105.021565, 39.82246], [-105.023375, 39.823468], [-105.024966, 39.823564], [-105.025, 39.822127], [-105.023187, 39.822101], [-105.023208, 39.821269], [-105.022515, 39.820933], [-105.023126, 39.820172], [-105.022401, 39.819805], [-105.021705, 39.819748], [-105.019731, 39.818614], [-105.020022, 39.818138], [-105.024593, 39.820399], [-105.024667, 39.81983], [-105.024434, 39.81966], [-105.023785, 39.819625], [-105.023796, 39.819506], [-105.025462, 39.819483], [-105.025568, 39.820017], [-105.029168, 39.820023], [-105.02914, 39.821236], [-105.030333, 39.821388], [-105.030319, 39.821807], [-105.031024, 39.822029], [-105.034474, 39.822059], [-105.034505, 39.820168], [-105.035391, 39.820169], [-105.035413, 39.819194], [-105.038103, 39.819183], [-105.038999, 39.819634], [-105.038999, 39.819481], [-105.04391, 39.819468], [-105.043917, 39.820065], [-105.05327, 39.820028], [-105.053271, 39.823666], [-105.062675, 39.823658], [-105.062651, 39.827294], [-105.072045, 39.827309], [-105.0721, 39.830898], [-105.06271, 39.830904], [-105.062734, 39.838247], [-105.062238, 39.838267], [-105.062169, 39.837215], [-105.061377, 39.836296], [-105.060144, 39.837079], [-105.058412, 39.837608], [-105.058386, 39.838158], [-105.056794, 39.838157], [-105.056796, 39.839932], [-105.053259, 39.839927], [-105.053188, 39.849649], [-105.0529, 39.852042], [-105.064746, 39.856547], [-105.081832, 39.856439], [-105.081901, 39.851615], [-105.083493, 39.851587], [-105.08532, 39.852105], [-105.087411, 39.852497], [-105.087385, 39.852175], [-105.087835, 39.851726], [-105.091198, 39.851322], [-105.093359, 39.851975], [-105.095717, 39.85224], [-105.098371, 39.852735], [-105.100595, 39.852938], [-105.10059, 39.856386], [-105.105307, 39.856421], [-105.105273, 39.858884], [-105.105911, 39.858131], [-105.107003, 39.857785], [-105.107412, 39.857355], [-105.107554, 39.856608], [-105.108365, 39.856429], [-105.108968, 39.856032], [-105.109293, 39.85553], [-105.10957, 39.854352], [-105.11014, 39.853689], [-105.110906, 39.853293], [-105.116062, 39.851664], [-105.117541, 39.851529], [-105.119452, 39.851648], [-105.124946, 39.852916], [-105.130054, 39.852955], [-105.129756, 39.852266], [-105.131128, 39.85213], [-105.136433, 39.852942], [-105.138319, 39.853005], [-105.138371, 39.854956], [-105.140921, 39.854947], [-105.140915, 39.856622], [-105.141916, 39.856656], [-105.14197, 39.858967], [-105.142958, 39.858962], [-105.142953, 39.856685], [-105.145156, 39.856682], [-105.145182, 39.859156], [-105.14086, 39.861642], [-105.142534, 39.861494], [-105.144258, 39.860863], [-105.144526, 39.861469], [-105.143, 39.862984], [-105.143573, 39.863617], [-105.145317, 39.863905], [-105.147649, 39.863898], [-105.147644, 39.863078], [-105.149138, 39.863077], [-105.149138, 39.863626], [-105.153118, 39.863415], [-105.15304, 39.864627], [-105.152685, 39.86464], [-105.152685, 39.865601], [-105.152329, 39.865601], [-105.152313, 39.867399], [-105.14778, 39.867531], [-105.147758, 39.869767], [-105.14909, 39.871025], [-105.165409, 39.870527], [-105.165426, 39.870699], [-105.164066, 39.870716], [-105.16409, 39.87288], [-105.165453, 39.872866], [-105.165557, 39.890988]], [[-105.152271, 39.871104], [-105.148761, 39.871186], [-105.147741, 39.872396], [-105.147554, 39.872985], [-105.147437, 39.87295], [-105.147418, 39.878259], [-105.148256, 39.878257], [-105.148268, 39.876775], [-105.149092, 39.876051], [-105.149949, 39.875885], [-105.149934, 39.877799], [-105.152256, 39.877731], [-105.152271, 39.871104]], [[-105.147507, 39.880384], [-105.147484, 39.879098], [-105.14591, 39.87909], [-105.145906, 39.880365], [-105.147507, 39.880384]], [[-105.144533, 39.878421], [-105.144253, 39.878416], [-105.14425, 39.87864], [-105.144531, 39.878644], [-105.144533, 39.878421]], [[-105.094504, 39.888955], [-105.09337, 39.888957], [-105.093404, 39.887235], [-105.092541, 39.887224], [-105.092488, 39.888956], [-105.091865, 39.888959], [-105.091869, 39.887928], [-105.091037, 39.88793], [-105.091102, 39.885351], [-105.086282, 39.885336], [-105.086282, 39.885885], [-105.084851, 39.885882], [-105.084853, 39.88533], [-105.083038, 39.885299], [-105.082764, 39.88569], [-105.08236, 39.885712], [-105.081823, 39.885421], [-105.082008, 39.885626], [-105.078778, 39.888522], [-105.081157, 39.888515], [-105.081136, 39.89016], [-105.081568, 39.89029], [-105.081536, 39.892344], [-105.081728, 39.892432], [-105.086162, 39.892436], [-105.086322, 39.887803], [-105.087106, 39.887805], [-105.087053, 39.887102], [-105.088658, 39.887111], [-105.088603, 39.888949], [-105.090503, 39.888937], [-105.090483, 39.889838], [-105.090989, 39.889836], [-105.090924, 39.892458], [-105.093242, 39.892484], [-105.093308, 39.88996], [-105.094488, 39.889903], [-105.094504, 39.888955]], [[-105.092671, 39.892637], [-105.089811, 39.892611], [-105.08981, 39.893454], [-105.092677, 39.893416], [-105.092671, 39.892637]], [[-105.091046, 39.876373], [-105.091185, 39.875707], [-105.091047, 39.875662], [-105.090944, 39.873137], [-105.090147, 39.872184], [-105.088725, 39.870999], [-105.081543, 39.871016], [-105.081536, 39.872228], [-105.078613, 39.87293], [-105.078596, 39.873322], [-105.081632, 39.873296], [-105.081581, 39.874902], [-105.081871, 39.874906], [-105.081751, 39.875337], [-105.082256, 39.875228], [-105.083463, 39.875275], [-105.083829, 39.875465], [-105.083951, 39.877226], [-105.081379, 39.877278], [-105.081349, 39.878971], [-105.083805, 39.87898], [-105.083771, 39.879941], [-105.084725, 39.879948], [-105.084728, 39.880282], [-105.085248, 39.880413], [-105.086957, 39.880807], [-105.089026, 39.87898], [-105.08859, 39.878979], [-105.088593, 39.878081], [-105.088366, 39.87808], [-105.088376, 39.877603], [-105.089344, 39.877588], [-105.08947, 39.878081], [-105.090024, 39.878083], [-105.090757, 39.877176], [-105.090002, 39.876878], [-105.089944, 39.876621], [-105.091046, 39.876373]], [[-105.089131, 39.881788], [-105.086658, 39.881774], [-105.086774, 39.88168], [-105.08633, 39.881382], [-105.086402, 39.881316], [-105.084727, 39.881313], [-105.084728, 39.880766], [-105.083145, 39.880362], [-105.083142, 39.880677], [-105.081291, 39.880696], [-105.081279, 39.881672], [-105.082077, 39.881677], [-105.082076, 39.882022], [-105.081273, 39.882028], [-105.081258, 39.88304], [-105.082438, 39.88313], [-105.082428, 39.883591], [-105.081227, 39.883525], [-105.08122, 39.884568], [-105.08147, 39.884569], [-105.081465, 39.884454], [-105.082866, 39.884431], [-105.084068, 39.883356], [-105.083977, 39.884258], [-105.086434, 39.883986], [-105.089139, 39.884157], [-105.089131, 39.881788]], [[-105.088835, 39.892611], [-105.086856, 39.892612], [-105.086846, 39.893457], [-105.08881, 39.893454], [-105.088835, 39.892611]], [[-105.086363, 39.892609], [-105.085374, 39.892609], [-105.085353, 39.89346], [-105.086353, 39.893459], [-105.086363, 39.892609]], [[-105.083937, 39.865244], [-105.08158, 39.865217], [-105.081594, 39.865824], [-105.083023, 39.865851], [-105.083932, 39.865511], [-105.083937, 39.865244]], [[-105.083706, 39.856406], [-105.083703, 39.855956], [-105.083229, 39.855956], [-105.083207, 39.856415], [-105.083706, 39.856406]], [[-105.082374, 39.89252], [-105.081121, 39.892535], [-105.081095, 39.89419], [-105.082347, 39.894179], [-105.082374, 39.89252]], [[-105.081617, 39.868408], [-105.079712, 39.868422], [-105.079719, 39.867414], [-105.077461, 39.867428], [-105.077456, 39.868422], [-105.076839, 39.868423], [-105.076846, 39.869704], [-105.078436, 39.869702], [-105.078433, 39.870351], [-105.079993, 39.870341], [-105.079973, 39.870944], [-105.080838, 39.870948], [-105.080801, 39.8711], [-105.081018, 39.871149], [-105.081083, 39.870942], [-105.081546, 39.870941], [-105.081617, 39.868408]], [[-105.081608, 39.867037], [-105.081518, 39.866688], [-105.080702, 39.866189], [-105.080693, 39.867048], [-105.081608, 39.867037]], [[-105.081259, 39.88309], [-105.080464, 39.883086], [-105.080457, 39.883452], [-105.081228, 39.88346], [-105.081259, 39.88309]], [[-105.077559, 39.863532], [-105.076911, 39.863107], [-105.076911, 39.861772], [-105.076127, 39.86155], [-105.075294, 39.862115], [-105.075063, 39.861974], [-105.074147, 39.86291], [-105.073971, 39.863577], [-105.074236, 39.863573], [-105.07437, 39.863009], [-105.074913, 39.862441], [-105.076715, 39.863542], [-105.077559, 39.863532]], [[-105.076735, 39.87103], [-105.076712, 39.869703], [-105.075437, 39.8697], [-105.075425, 39.870968], [-105.073732, 39.870831], [-105.073731, 39.869769], [-105.072968, 39.869694], [-105.072974, 39.869128], [-105.071859, 39.869051], [-105.071824, 39.871041], [-105.076735, 39.87103]], [[-105.075931, 39.867468], [-105.074484, 39.867473], [-105.074503, 39.865652], [-105.072138, 39.865661], [-105.072139, 39.866099], [-105.071819, 39.866098], [-105.071848, 39.868388], [-105.07589, 39.868359], [-105.075931, 39.867468]], [[-105.070945, 39.859978], [-105.07053, 39.859725], [-105.070549, 39.860323], [-105.070945, 39.859978]], [[-105.050377, 39.859895], [-105.050378, 39.857717], [-105.049728, 39.857713], [-105.049743, 39.856377], [-105.048491, 39.856357], [-105.048484, 39.851267], [-105.044738, 39.847592], [-105.043844, 39.848136], [-105.043682, 39.84801], [-105.041322, 39.848396], [-105.040662, 39.848748], [-105.040325, 39.849312], [-105.04015, 39.849286], [-105.040246, 39.849456], [-105.039441, 39.85077], [-105.039702, 39.850984], [-105.039428, 39.851347], [-105.039776, 39.851498], [-105.039504, 39.851865], [-105.039719, 39.851959], [-105.039501, 39.852285], [-105.039806, 39.852417], [-105.039123, 39.854341], [-105.037448, 39.854075], [-105.036606, 39.853629], [-105.035819, 39.854214], [-105.034346, 39.85422], [-105.034369, 39.856263], [-105.026433, 39.856276], [-105.026516, 39.863488], [-105.034436, 39.863487], [-105.034429, 39.862828], [-105.033573, 39.862828], [-105.033568, 39.861942], [-105.034421, 39.861939], [-105.034405, 39.859821], [-105.050377, 39.859895]], [[-105.03447, 39.822206], [-105.033502, 39.822188], [-105.033494, 39.822578], [-105.034454, 39.822711], [-105.03447, 39.822206]], [[-105.034314, 39.849035], [-105.034296, 39.845445], [-105.029602, 39.845417], [-105.029574, 39.848992], [-105.034314, 39.849035]], [[-105.024873, 39.909832], [-105.024857, 39.909251], [-105.023576, 39.909255], [-105.023577, 39.909832], [-105.024873, 39.909832]], [[-105.015975, 39.850513], [-105.015479, 39.850511], [-105.015485, 39.850786], [-105.015981, 39.850787], [-105.015975, 39.850513]], [[-105.007313, 39.904907], [-105.006107, 39.904911], [-105.006118, 39.905462], [-105.007313, 39.905462], [-105.007313, 39.904907]], [[-104.999759, 39.961282], [-104.997059, 39.961264], [-104.997068, 39.964158], [-104.999787, 39.964169], [-104.999759, 39.961282]], [[-105.008674, 39.959512], [-105.008662, 39.957784], [-105.004007, 39.95778], [-105.004008, 39.959757], [-105.005164, 39.959762], [-105.005152, 39.960689], [-105.00403, 39.960704], [-105.004039, 39.961299], [-105.006304, 39.961314], [-105.006342, 39.959503], [-105.008674, 39.959512]], [[-105.088725, 39.870999], [-105.089768, 39.870992], [-105.085666, 39.868485], [-105.085555, 39.868593], [-105.077918, 39.863837], [-105.077059, 39.863763], [-105.088725, 39.870999]], [[-105.075063, 39.861974], [-105.075511, 39.861598], [-105.075921, 39.861484], [-105.074549, 39.861038], [-105.074538, 39.861643], [-105.075063, 39.861974]]]]}}, {"type": "Feature", "properties": {"key": "wheat_ridge", "name": "Wheat Ridge"}, "geometry": {"type": "Polygon", "coordinates": [[[-105.165386, 39.773682], [-105.165386, 39.774405], [-105.16397, 39.774659], [-105.163014, 39.775106], [-105.162868, 39.776062], [-105.163902, 39.776058], [-105.163906, 39.776176], [-105.15671, 39.776254], [-105.145312, 39.778243], [-105.141441, 39.778361], [-105.140821, 39.778756], [-105.14085, 39.779092], [-105.140183, 39.779335], [-105.140203, 39.781062], [-105.141359, 39.780813], [-105.141238, 39.785377], [-105.138041, 39.785387], [-105.137976, 39.790939], [-105.130087, 39.791003], [-105.13009, 39.793791], [-105.129336, 39.793798], [-105.129331, 39.792437], [-105.128545, 39.792433], [-105.128524, 39.78737], [-105.123799, 39.787387], [-105.123793, 39.794622], [-105.122123, 39.794625], [-105.122121, 39.791014], [-105.119905, 39.791018], [-105.119072, 39.791186], [-105.119076, 39.794639], [-105.114309, 39.794658], [-105.114365, 39.790971], [-105.114046, 39.790349], [-105.113848, 39.789146], [-105.114359, 39.78749], [-105.114338, 39.786426], [-105.109554, 39.787445], [-105.109424, 39.790205], [-105.104911, 39.790334], [-105.104893, 39.788267], [-105.101757, 39.788903], [-105.100177, 39.788986], [-105.100213, 39.784056], [-105.092891, 39.784038], [-105.091258, 39.784154], [-105.089909, 39.784318], [-105.086116, 39.785209], [-105.086115, 39.784566], [-105.084245, 39.785012], [-105.083769, 39.784992], [-105.082886, 39.784336], [-105.081598, 39.784586], [-105.08106, 39.784158], [-105.079351, 39.784653], [-105.077919, 39.784313], [-105.077919, 39.784457], [-105.076745, 39.784573], [-105.076746, 39.784981], [-105.07356, 39.784981], [-105.073558, 39.785134], [-105.072065, 39.784622], [-105.072066, 39.78608], [-105.073424, 39.787207], [-105.07201, 39.787517], [-105.068721, 39.787478], [-105.068687, 39.78839], [-105.062653, 39.78834], [-105.062595, 39.776616], [-105.060188, 39.77661], [-105.060155, 39.772939], [-105.053241, 39.772938], [-105.053237, 39.755694], [-105.054493, 39.755694], [-105.054485, 39.754837], [-105.05793, 39.754819], [-105.057969, 39.755941], [-105.059581, 39.755937], [-105.059581, 39.755086], [-105.06012, 39.755088], [-105.060123, 39.754803], [-105.061452, 39.754811], [-105.061461, 39.755494], [-105.062045, 39.755488], [-105.062066, 39.754803], [-105.063232, 39.754807], [-105.063234, 39.756664], [-105.062624, 39.756667], [-105.062637, 39.757052], [-105.06204, 39.757062], [-105.062041, 39.757222], [-105.062635, 39.757221], [-105.062603, 39.75749], [-105.062043, 39.757491], [-105.062049, 39.758467], [-105.066029, 39.758466], [-105.066078, 39.754808], [-105.081406, 39.754803], [-105.081479, 39.760685], [-105.081533, 39.76098], [-105.082109, 39.761755], [-105.082108, 39.761999], [-105.082368, 39.762083], [-105.109628, 39.762029], [-105.109568, 39.754715], [-105.118973, 39.754678], [-105.118968, 39.758283], [-105.119403, 39.758766], [-105.116883, 39.759015], [-105.116898, 39.759471], [-105.116123, 39.760169], [-105.115148, 39.760383], [-105.114579, 39.760708], [-105.114536, 39.760806], [-105.115113, 39.76118], [-105.115284, 39.761454], [-105.115149, 39.761718], [-105.114347, 39.761942], [-105.133064, 39.761876], [-105.133082, 39.758255], [-105.14308, 39.758237], [-105.142928, 39.758824], [-105.142466, 39.758831], [-105.142489, 39.761867], [-105.14574, 39.761841], [-105.145737, 39.762184], [-105.145259, 39.76219], [-105.145281, 39.764019], [-105.146362, 39.764018], [-105.146361, 39.764607], [-105.147295, 39.764578], [-105.147312, 39.765466], [-105.152002, 39.765427], [-105.152041, 39.77156], [-105.153464, 39.772079], [-105.15527, 39.772171], [-105.15525, 39.772551], [-105.156738, 39.772612], [-105.15673, 39.773107], [-105.159978, 39.77282], [-105.164442, 39.772791], [-105.164444, 39.773782], [-105.165386, 39.773682]], [[-105.162137, 39.775145], [-105.16029, 39.775067], [-105.156768, 39.7754], [-105.156773, 39.776137], [-105.162128, 39.776099], [-105.162137, 39.775145]], [[-105.147323, 39.775511], [-105.145781, 39.775553], [-105.145444, 39.775934], [-105.144063, 39.776115], [-105.143845, 39.776375], [-105.147318, 39.776346], [-105.147323, 39.775511]]]}}, {"type": "Feature", "properties": {"key": "edgewater", "name": "Edgewater"}, "geometry": {"type": "Polygon", "coordinates": [[[-105.074348, 39.751258], [-105.073931, 39.751263], [-105.073947, 39.751884], [-105.073213, 39.751883], [-105.073219, 39.752166], [-105.074374, 39.75216], [-105.07437, 39.753021], [-105.072012, 39.753022], [-105.07201, 39.754796], [-105.066078, 39.754808], [-105.066029, 39.758466], [-105.062049, 39.758467], [-105.062043, 39.757491], [-105.062603, 39.75749], [-105.062635, 39.757221], [-105.062041, 39.757222], [-105.06204, 39.757062], [-105.062637, 39.757052], [-105.062624, 39.756667], [-105.063234, 39.756664], [-105.063232, 39.754807], [-105.062066, 39.754803], [-105.062045, 39.755488], [-105.061461, 39.755494], [-105.061452, 39.754811], [-105.060123, 39.754803], [-105.06012, 39.755088], [-105.059581, 39.755086], [-105.059581, 39.755937], [-105.057969, 39.755941], [-105.05793, 39.754819], [-105.054485, 39.754837], [-105.054493, 39.755694], [-105.053237, 39.755694], [-105.05321, 39.743273], [-105.053842, 39.743276], [-105.053843, 39.74398], [-105.057894, 39.743977], [-105.057893, 39.747279], [-105.059082, 39.747415], [-105.059082, 39.747648], [-105.060233, 39.747644], [-105.060224, 39.745167], [-105.061733, 39.745166], [-105.061485, 39.744904], [-105.0608, 39.74487], [-105.060812, 39.743958], [-105.062576, 39.743952], [-105.06258, 39.744358], [-105.061918, 39.744354], [-105.061945, 39.745115], [-105.062582, 39.745173], [-105.062596, 39.746186], [-105.061372, 39.746184], [-105.061359, 39.746359], [-105.062595, 39.746499], [-105.06259, 39.746612], [-105.063542, 39.746627], [-105.063841, 39.746777], [-105.063861, 39.747625], [-105.074335, 39.74756], [-105.074348, 39.751258]]]}}, {"type": "Feature", "properties": {"key": "mountain_view", "name": "Mountain View"}, "geometry": {"type": "Polygon", "coordinates": [[[-105.060188, 39.77661], [-105.053245, 39.776583], [-105.053241, 39.772938], [-105.060155, 39.772939], [-105.060188, 39.77661]]]}}, {"type": "Feature", "properties": {"key": "lakeside", "name": "Lakeside"}, "geometry": {"type": "Polygon", "coordinates": [[[-105.062659, 39.783847], [-105.053183, 39.783797], [-105.053245, 39.776583], [-105.062595, 39.776616], [-105.062659, 39.783847]]]}}, {"type": "Feature", "properties": {"key": "arvada", "name": "Arvada"}, "geometry": {"type": "MultiPolygon", "coordinates": [[[[-105.165154, 39.834294], [-105.16237, 39.834299], [-105.163219, 39.833839], [-105.163841, 39.83369], [-105.164504, 39.833833], [-105.165154, 39.834294]]], [[[-105.165169, 39.835183], [-105.163036, 39.835175], [-105.163035, 39.835406], [-105.162735, 39.835855], [-105.160835, 39.835848], [-105.161476, 39.834782], [-105.161797, 39.834615], [-105.16516, 39.834626], [-105.165169, 39.835183]]], [[[-105.169343, 39.843959], [-105.168943, 39.845556], [-105.16818, 39.846289], [-105.16692, 39.845673], [-105.16538, 39.846114], [-105.16538, 39.846941], [-105.165256, 39.846915], [-105.165256, 39.847109], [-105.157179, 39.846479], [-105.157173, 39.845362], [-105.165256, 39.845345], [-105.165254, 39.845107], [-105.166218, 39.845197], [-105.167938, 39.844248], [-105.166316, 39.843599], [-105.165606, 39.843561], [-105.165428, 39.843695], [-105.165426, 39.843146], [-105.165605, 39.843286], [-105.16659, 39.843379], [-105.167717, 39.84393], [-105.168876, 39.843807], [-105.168933, 39.843978], [-105.169343, 39.843959]]], [[[-105.221674, 39.822006], [-105.219753, 39.821459], [-105.217734, 39.820355], [-105.217357, 39.820006], [-105.221659, 39.820105], [-105.221674, 39.822006]]], [[[-105.303897, 39.882764], [-105.303814, 39.884161], [-105.302642, 39.884126], [-105.302191, 39.883992], [-105.301174, 39.882916], [-105.30043, 39.882429], [-105.296405, 39.882251], [-105.295634, 39.88188], [-105.294317, 39.8808], [-105.292499, 39.87963], [-105.291727, 39.879458], [-105.290667, 39.879529], [-105.290658, 39.883541], [-105.278725, 39.884595], [-105.278788, 39.884944], [-105.276085, 39.88483], [-105.276135, 39.890924], [-105.275177, 39.888499], [-105.274255, 39.885438], [-105.274471, 39.884571], [-105.274929, 39.884057], [-105.276073, 39.884066], [-105.276025, 39.881004], [-105.275314, 39.881014], [-105.275462, 39.880206], [-105.276005, 39.879671], [-105.277254, 39.879322], [-105.281159, 39.88018], [-105.281796, 39.880199], [-105.282576, 39.880014], [-105.283541, 39.879461], [-105.284049, 39.878716], [-105.284136, 39.877937], [-105.283758, 39.877282], [-105.281289, 39.877594], [-105.28131, 39.87822], [-105.277889, 39.877984], [-105.274818, 39.877283], [-105.251002, 39.867096], [-105.249524, 39.866604], [-105.240913, 39.865801], [-105.240915, 39.865948], [-105.239269, 39.865814], [-105.23962, 39.865943], [-105.2405, 39.866655], [-105.240604, 39.866927], [-105.240931, 39.868475], [-105.240962, 39.870437], [-105.184238, 39.870683], [-105.165488, 39.87058], [-105.165463, 39.863402], [-105.157059, 39.863568], [-105.157078, 39.86135], [-105.155421, 39.861558], [-105.155289, 39.86117], [-105.155485, 39.860118], [-105.154109, 39.858149], [-105.15392, 39.856743], [-105.154627, 39.856072], [-105.155148, 39.855808], [-105.155621, 39.855814], [-105.155386, 39.855091], [-105.15475, 39.854889], [-105.153716, 39.855001], [-105.153529, 39.856157], [-105.152679, 39.856313], [-105.147708, 39.856414], [-105.147746, 39.853071], [-105.136864, 39.852978], [-105.131128, 39.85213], [-105.129756, 39.852266], [-105.130054, 39.852955], [-105.124946, 39.852916], [-105.123821, 39.852746], [-105.119794, 39.851699], [-105.116903, 39.851554], [-105.115249, 39.85186], [-105.110402, 39.853516], [-105.109604, 39.85429], [-105.10931, 39.85548], [-105.109045, 39.855948], [-105.10848, 39.856377], [-105.107719, 39.856596], [-105.107731, 39.856395], [-105.10059, 39.856386], [-105.100595, 39.852938], [-105.098371, 39.852735], [-105.095717, 39.85224], [-105.093359, 39.851975], [-105.091198, 39.851322], [-105.087835, 39.851726], [-105.087385, 39.852175], [-105.087411, 39.852497], [-105.08532, 39.852105], [-105.083493, 39.851587], [-105.081901, 39.851615], [-105.081832, 39.856439], [-105.064746, 39.856547], [-105.0529, 39.852042], [-105.053188, 39.849649], [-105.053259, 39.839927], [-105.056796, 39.839932], [-105.056794, 39.838157], [-105.058386, 39.838158], [-105.058412, 39.837608], [-105.060144, 39.837079], [-105.061377, 39.836296], [-105.062169, 39.837215], [-105.062238, 39.838267], [-105.062734, 39.838247], [-105.06271, 39.830904], [-105.0721, 39.830898], [-105.072045, 39.827309], [-105.062651, 39.827294], [-105.06268, 39.820971], [-105.062179, 39.820979], [-105.062181, 39.821318], [-105.061481, 39.821319], [-105.06148, 39.821852], [-105.05657, 39.821863], [-105.056568, 39.823674], [-105.053271, 39.823666], [-105.053281, 39.821859], [-105.055195, 39.821852], [-105.055205, 39.822541], [-105.055892, 39.822542], [-105.055879, 39.821852], [-105.055636, 39.82185], [-105.055637, 39.821172], [-105.053282, 39.821163], [-105.05327, 39.820028], [-105.051386, 39.820046], [-105.051385, 39.819609], [-105.05055, 39.819076], [-105.049251, 39.81921], [-105.04888, 39.81898], [-105.048873, 39.818351], [-105.048733, 39.818237], [-105.046033, 39.81755], [-105.045766, 39.817294], [-105.044837, 39.817262], [-105.04411, 39.81745], [-105.044025, 39.804448], [-105.050023, 39.803212], [-105.050024, 39.803023], [-105.043427, 39.804377], [-105.041542, 39.804525], [-105.040513, 39.80446], [-105.040499, 39.802874], [-105.043947, 39.802883], [-105.043936, 39.801931], [-105.04926, 39.801929], [-105.049254, 39.800878], [-105.053262, 39.800861], [-105.053244, 39.801092], [-105.057313, 39.801122], [-105.057313, 39.800761], [-105.053837, 39.800742], [-105.0538, 39.800159], [-105.055479, 39.800154], [-105.055993, 39.799908], [-105.056143, 39.799303], [-105.053162, 39.799239], [-105.053164, 39.799109], [-105.055128, 39.799129], [-105.055099, 39.797616], [-105.055528, 39.797308], [-105.057101, 39.797311], [-105.057096, 39.797757], [-105.057595, 39.797758], [-105.057581, 39.798348], [-105.059174, 39.79835], [-105.059178, 39.799553], [-105.059749, 39.799828], [-105.059948, 39.799799], [-105.059953, 39.798342], [-105.060273, 39.798339], [-105.060289, 39.797112], [-105.060876, 39.797118], [-105.060863, 39.798232], [-105.065227, 39.798339], [-105.065259, 39.796932], [-105.065557, 39.796932], [-105.065567, 39.79633], [-105.065901, 39.79633], [-105.06589, 39.796886], [-105.066375, 39.796887], [-105.066369, 39.798353], [-105.067321, 39.798355], [-105.067336, 39.796882], [-105.067848, 39.796882], [-105.067861, 39.79633], [-105.068472, 39.796311], [-105.068261, 39.79764], [-105.067683, 39.798354], [-105.067823, 39.798353], [-105.068174, 39.798032], [-105.068503, 39.79742], [-105.068618, 39.795735], [-105.067729, 39.795731], [-105.067729, 39.796019], [-105.067046, 39.796016], [-105.067059, 39.795451], [-105.06272, 39.795439], [-105.062754, 39.794698], [-105.061079, 39.794694], [-105.06108, 39.79395], [-105.05979, 39.793948], [-105.059793, 39.793577], [-105.063136, 39.791389], [-105.063135, 39.791984], [-105.063604, 39.791982], [-105.063597, 39.792931], [-105.063936, 39.79293], [-105.063934, 39.793262], [-105.065694, 39.793269], [-105.065693, 39.79342], [-105.067528, 39.793429], [-105.067523, 39.79365], [-105.068718, 39.793649], [-105.068742, 39.792254], [-105.067942, 39.792248], [-105.06795, 39.792401], [-105.066031, 39.792393], [-105.066105, 39.791085], [-105.065102, 39.791082], [-105.065008, 39.790159], [-105.066152, 39.789478], [-105.067351, 39.789029], [-105.067349, 39.789514], [-105.068705, 39.789517], [-105.068687, 39.78839], [-105.06955, 39.78841], [-105.069553, 39.788187], [-105.068686, 39.788178], [-105.068721, 39.787478], [-105.07201, 39.787517], [-105.073424, 39.787207], [-105.072066, 39.78608], [-105.072065, 39.784622], [-105.073558, 39.785134], [-105.07356, 39.784981], [-105.076746, 39.784981], [-105.076745, 39.784573], [-105.077919, 39.784457], [-105.077919, 39.784313], [-105.079351, 39.784653], [-105.08106, 39.784158], [-105.081598, 39.784586], [-105.082886, 39.784336], [-105.083769, 39.784992], [-105.084245, 39.785012], [-105.086115, 39.784566], [-105.086115, 39.785469], [-105.086613, 39.785472], [-105.08661, 39.785094], [-105.089909, 39.784318], [-105.093936, 39.784035], [-105.093947, 39.784538], [-105.09239, 39.784539], [-105.09237, 39.78684], [-105.090796, 39.786841], [-105.090808, 39.786569], [-105.086122, 39.786727], [-105.0861, 39.789086], [-105.094579, 39.789042], [-105.094578, 39.788772], [-105.094761, 39.788772], [-105.094759, 39.788548], [-105.095512, 39.788549], [-105.095507, 39.789045], [-105.096648, 39.789048], [-105.096648, 39.788479], [-105.095517, 39.788445], [-105.095517, 39.787946], [-105.096846, 39.787944], [-105.097803, 39.787745], [-105.097686, 39.787121], [-105.100195, 39.787117], [-105.100177, 39.788986], [-105.101757, 39.788903], [-105.104893, 39.788267], [-105.104911, 39.790334], [-105.109696, 39.7902], [-105.109793, 39.787448], [-105.114338, 39.786426], [-105.114359, 39.78749], [-105.113848, 39.789146], [-105.114046, 39.790349], [-105.114365, 39.790971], [-105.114309, 39.794658], [-105.119076, 39.794639], [-105.119072, 39.791186], [-105.119905, 39.791018], [-105.122121, 39.791014], [-105.122123, 39.794625], [-105.123793, 39.794622], [-105.123799, 39.787387], [-105.128524, 39.78737], [-105.128547, 39.793807], [-105.13009, 39.793791], [-105.130087, 39.791003], [-105.131076, 39.790997], [-105.131081, 39.793664], [-105.132201, 39.793292], [-105.133163, 39.793324], [-105.134744, 39.792726], [-105.134731, 39.793762], [-105.135471, 39.793758], [-105.135479, 39.792381], [-105.13591, 39.792155], [-105.136294, 39.791589], [-105.136287, 39.790953], [-105.137308, 39.790942], [-105.137305, 39.791823], [-105.138011, 39.791821], [-105.138001, 39.793584], [-105.139599, 39.793565], [-105.139592, 39.792147], [-105.14039, 39.792158], [-105.140379, 39.790942], [-105.142645, 39.790908], [-105.142645, 39.794886], [-105.139082, 39.797337], [-105.137982, 39.797349], [-105.137982, 39.798087], [-105.1382, 39.798089], [-105.138187, 39.801262], [-105.140418, 39.801278], [-105.140426, 39.801769], [-105.143263, 39.801756], [-105.143251, 39.80365], [-105.142661, 39.803653], [-105.142662, 39.80348], [-105.140395, 39.803142], [-105.140391, 39.805743], [-105.140863, 39.805747], [-105.14086, 39.804339], [-105.141809, 39.804326], [-105.141806, 39.805759], [-105.142628, 39.805791], [-105.142613, 39.805418], [-105.143918, 39.805423], [-105.143975, 39.801754], [-105.144995, 39.801738], [-105.144989, 39.803635], [-105.14598, 39.803634], [-105.14623, 39.803626], [-105.146219, 39.801719], [-105.147413, 39.801717], [-105.147381, 39.805415], [-105.150905, 39.805372], [-105.150915, 39.802491], [-105.151528, 39.802485], [-105.151525, 39.803053], [-105.15209, 39.803047], [-105.152096, 39.80172], [-105.155599, 39.801684], [-105.155598, 39.802965], [-105.156178, 39.803416], [-105.156876, 39.803417], [-105.156844, 39.811694], [-105.158006, 39.811697], [-105.15801, 39.812546], [-105.159189, 39.81252], [-105.159185, 39.811671], [-105.161011, 39.811491], [-105.16149, 39.811328], [-105.161505, 39.810975], [-105.159804, 39.810455], [-105.158197, 39.807966], [-105.1637, 39.808058], [-105.163672, 39.807059], [-105.163948, 39.806779], [-105.165369, 39.80696], [-105.166526, 39.806389], [-105.168611, 39.806375], [-105.169523, 39.805975], [-105.169941, 39.805612], [-105.169936, 39.806466], [-105.174626, 39.806518], [-105.174757, 39.807672], [-105.174722, 39.809492], [-105.179056, 39.809542], [-105.179037, 39.809052], [-105.183908, 39.809134], [-105.183889, 39.807231], [-105.185227, 39.806321], [-105.186, 39.805501], [-105.197977, 39.805457], [-105.198088, 39.805552], [-105.202518, 39.805565], [-105.202779, 39.805439], [-105.212226, 39.805457], [-105.212217, 39.809133], [-105.221659, 39.809117], [-105.221655, 39.810768], [-105.221152, 39.811415], [-105.22106, 39.811824], [-105.2213, 39.812814], [-105.221338, 39.814929], [-105.221167, 39.816302], [-105.221425, 39.818149], [-105.218572, 39.818108], [-105.217799, 39.817844], [-105.217073, 39.817335], [-105.216916, 39.817613], [-105.216944, 39.819482], [-105.21547, 39.818596], [-105.215088, 39.817972], [-105.214817, 39.816616], [-105.214579, 39.816271], [-105.214, 39.816262], [-105.214484, 39.816721], [-105.214739, 39.818041], [-105.215258, 39.818842], [-105.216606, 39.819584], [-105.217499, 39.820561], [-105.219097, 39.821459], [-105.220159, 39.821919], [-105.221684, 39.822296], [-105.221846, 39.823327], [-105.222677, 39.8247], [-105.223565, 39.825517], [-105.226069, 39.827238], [-105.227133, 39.828167], [-105.227881, 39.829553], [-105.22846, 39.832917], [-105.228777, 39.83396], [-105.23037, 39.836975], [-105.231264, 39.838251], [-105.233736, 39.840288], [-105.234601, 39.841393], [-105.226689, 39.841521], [-105.226784, 39.844725], [-105.228975, 39.843495], [-105.230499, 39.843029], [-105.232142, 39.843152], [-105.23437, 39.844024], [-105.234326, 39.844217], [-105.232102, 39.843325], [-105.230175, 39.843246], [-105.229042, 39.843656], [-105.22745, 39.844608], [-105.226353, 39.845017], [-105.222107, 39.845791], [-105.221148, 39.845778], [-105.217277, 39.8468], [-105.215448, 39.84657], [-105.213819, 39.846747], [-105.213805, 39.848751], [-105.221967, 39.848791], [-105.221995, 39.856006], [-105.226722, 39.855983], [-105.226781, 39.861792], [-105.22855, 39.861746], [-105.230829, 39.861313], [-105.232569, 39.86068], [-105.234358, 39.859592], [-105.235037, 39.859582], [-105.232903, 39.857041], [-105.232363, 39.855948], [-105.23616, 39.855918], [-105.236234, 39.848631], [-105.269103, 39.848438], [-105.269085, 39.844788], [-105.264341, 39.844788], [-105.264332, 39.841207], [-105.276101, 39.841119], [-105.275955, 39.84944], [-105.2764, 39.849532], [-105.276532, 39.84981], [-105.279773, 39.852816], [-105.281533, 39.853276], [-105.281883, 39.853956], [-105.282431, 39.854355], [-105.283104, 39.854615], [-105.283869, 39.854414], [-105.284043, 39.854838], [-105.284018, 39.855368], [-105.275846, 39.855704], [-105.275877, 39.853894], [-105.273546, 39.85388], [-105.273487, 39.855832], [-105.269086, 39.855793], [-105.269204, 39.870282], [-105.285239, 39.870075], [-105.285201, 39.863135], [-105.287741, 39.862558], [-105.288511, 39.862954], [-105.289321, 39.863071], [-105.289325, 39.863171], [-105.288568, 39.863428], [-105.288505, 39.863654], [-105.288624, 39.863843], [-105.289476, 39.863952], [-105.290848, 39.864633], [-105.293942, 39.865389], [-105.294572, 39.865399], [-105.295567, 39.866041], [-105.296466, 39.866308], [-105.296856, 39.866567], [-105.294173, 39.869924], [-105.294468, 39.876432], [-105.303666, 39.875705], [-105.303897, 39.882764]], [[-105.222091, 39.864868], [-105.221739, 39.864785], [-105.221739, 39.865065], [-105.222094, 39.865073], [-105.222091, 39.864868]], [[-105.222087, 39.864391], [-105.222045, 39.860717], [-105.214113, 39.859727], [-105.20627, 39.860022], [-105.203043, 39.859687], [-105.193989, 39.85715], [-105.176795, 39.850473], [-105.17679, 39.847725], [-105.17465, 39.846283], [-105.174647, 39.844986], [-105.175429, 39.84496], [-105.177143, 39.846188], [-105.177143, 39.845843], [-105.180283, 39.845858], [-105.180283, 39.844116], [-105.176557, 39.843678], [-105.178373, 39.843699], [-105.179102, 39.843201], [-105.179893, 39.843009], [-105.179927, 39.842431], [-105.181336, 39.842604], [-105.181904, 39.842428], [-105.182234, 39.841684], [-105.182525, 39.842028], [-105.184012, 39.843037], [-105.184055, 39.843559], [-105.183832, 39.843559], [-105.183831, 39.843834], [-105.18406, 39.843836], [-105.184034, 39.844715], [-105.187686, 39.845349], [-105.187711, 39.843991], [-105.185364, 39.843987], [-105.185357, 39.842577], [-105.184114, 39.842572], [-105.184143, 39.841643], [-105.188202, 39.841593], [-105.188192, 39.840122], [-105.188387, 39.840122], [-105.188383, 39.839573], [-105.18867, 39.839571], [-105.18813, 39.838323], [-105.188329, 39.838243], [-105.187789, 39.837433], [-105.184526, 39.838734], [-105.184111, 39.838698], [-105.183945, 39.838538], [-105.184077, 39.838281], [-105.184545, 39.838509], [-105.184793, 39.838486], [-105.187266, 39.837458], [-105.187041, 39.836791], [-105.187238, 39.836579], [-105.187249, 39.834479], [-105.184052, 39.83444], [-105.184029, 39.832067], [-105.184539, 39.832062], [-105.185623, 39.832642], [-105.185034, 39.833578], [-105.18503, 39.834301], [-105.187279, 39.834321], [-105.187276, 39.833947], [-105.193512, 39.833883], [-105.193428, 39.827012], [-105.185439, 39.827095], [-105.185321, 39.827197], [-105.179544, 39.827169], [-105.179453, 39.827178], [-105.179522, 39.827475], [-105.179164, 39.827589], [-105.178218, 39.827575], [-105.177641, 39.827779], [-105.174562, 39.827792], [-105.174587, 39.824858], [-105.175134, 39.824827], [-105.17615, 39.824403], [-105.177202, 39.824194], [-105.178443, 39.823546], [-105.178742, 39.823221], [-105.179401, 39.820621], [-105.179745, 39.818202], [-105.178941, 39.81791], [-105.177801, 39.817861], [-105.17688, 39.817984], [-105.175861, 39.817081], [-105.174531, 39.816277], [-105.174535, 39.816519], [-105.175663, 39.817218], [-105.175955, 39.817585], [-105.176737, 39.818103], [-105.178906, 39.818063], [-105.179535, 39.818224], [-105.17924, 39.820724], [-105.178639, 39.823168], [-105.178371, 39.823433], [-105.177978, 39.823502], [-105.177067, 39.823998], [-105.174586, 39.824622], [-105.17458, 39.82045], [-105.174055, 39.820469], [-105.174182, 39.820445], [-105.17418, 39.820157], [-105.173685, 39.820159], [-105.173387, 39.820311], [-105.173717, 39.820935], [-105.173458, 39.823171], [-105.173168, 39.823776], [-105.172775, 39.824126], [-105.170084, 39.824995], [-105.167252, 39.825141], [-105.165916, 39.825015], [-105.165263, 39.825351], [-105.165251, 39.826927], [-105.16569, 39.826927], [-105.165701, 39.825681], [-105.165535, 39.82565], [-105.165703, 39.8254], [-105.166043, 39.825294], [-105.167345, 39.8254], [-105.167364, 39.827098], [-105.16527, 39.827102], [-105.165369, 39.830541], [-105.179344, 39.830678], [-105.179372, 39.834348], [-105.176043, 39.834331], [-105.176037, 39.834128], [-105.173657, 39.83415], [-105.17227, 39.83431], [-105.166751, 39.834275], [-105.166749, 39.834008], [-105.16602, 39.833992], [-105.166023, 39.83286], [-105.165167, 39.832856], [-105.165162, 39.83335], [-105.163914, 39.833354], [-105.163915, 39.833516], [-105.163353, 39.833593], [-105.161326, 39.834687], [-105.160636, 39.836005], [-105.160848, 39.836334], [-105.161876, 39.836916], [-105.163463, 39.837382], [-105.164337, 39.837266], [-105.16479, 39.837387], [-105.165174, 39.837629], [-105.165193, 39.838329], [-105.165039, 39.838331], [-105.164672, 39.837874], [-105.16262, 39.837358], [-105.161605, 39.836833], [-105.159633, 39.83649], [-105.158946, 39.835989], [-105.159132, 39.836002], [-105.158585, 39.834747], [-105.158609, 39.834527], [-105.159066, 39.833924], [-105.159511, 39.832295], [-105.159994, 39.831776], [-105.160806, 39.831561], [-105.16285, 39.831643], [-105.163494, 39.831486], [-105.163942, 39.831202], [-105.165069, 39.831211], [-105.165053, 39.827101], [-105.156648, 39.827092], [-105.156603, 39.828179], [-105.158411, 39.828931], [-105.158389, 39.83063], [-105.156792, 39.830639], [-105.156704, 39.834256], [-105.156583, 39.834294], [-105.158342, 39.834289], [-105.157816, 39.834731], [-105.157535, 39.835393], [-105.157701, 39.835789], [-105.158059, 39.836065], [-105.158711, 39.836268], [-105.156575, 39.836272], [-105.156481, 39.840276], [-105.155271, 39.840515], [-105.154018, 39.840428], [-105.152825, 39.840624], [-105.152386, 39.840483], [-105.151886, 39.83997], [-105.151356, 39.839715], [-105.147574, 39.839327], [-105.14761, 39.841627], [-105.148914, 39.841621], [-105.148915, 39.841436], [-105.152061, 39.841502], [-105.152061, 39.841307], [-105.1531, 39.841299], [-105.154108, 39.841053], [-105.156051, 39.84156], [-105.154121, 39.841565], [-105.154115, 39.84295], [-105.154333, 39.842947], [-105.15434, 39.843384], [-105.153929, 39.843386], [-105.153951, 39.845287], [-105.147587, 39.8453], [-105.147647, 39.845376], [-105.145131, 39.845459], [-105.142566, 39.844872], [-105.141489, 39.844482], [-105.141134, 39.844319], [-105.141337, 39.843981], [-105.140777, 39.843644], [-105.140698, 39.841663], [-105.142925, 39.841635], [-105.142869, 39.838768], [-105.143824, 39.838908], [-105.14386, 39.841611], [-105.14736, 39.841529], [-105.147309, 39.839218], [-105.14653, 39.839109], [-105.145995, 39.83853], [-105.145573, 39.838319], [-105.144495, 39.838317], [-105.142094, 39.837963], [-105.140652, 39.837471], [-105.139437, 39.837638], [-105.139403, 39.837807], [-105.139055, 39.837863], [-105.138558, 39.838393], [-105.138139, 39.838197], [-105.138144, 39.838471], [-105.137309, 39.83795], [-105.13539, 39.836316], [-105.130208, 39.834894], [-105.130218, 39.834365], [-105.128995, 39.834368], [-105.12855, 39.834172], [-105.128614, 39.836455], [-105.133967, 39.840154], [-105.133975, 39.841033], [-105.131255, 39.841056], [-105.131251, 39.84088], [-105.130453, 39.840884], [-105.130498, 39.84207], [-105.129053, 39.842056], [-105.129038, 39.843212], [-105.130291, 39.843219], [-105.13029, 39.842696], [-105.130561, 39.842697], [-105.130567, 39.84207], [-105.132429, 39.842075], [-105.132435, 39.843869], [-105.138239, 39.843929], [-105.138231, 39.843068], [-105.138811, 39.843472], [-105.138845, 39.845746], [-105.13836, 39.845741], [-105.138349, 39.847554], [-105.140704, 39.84757], [-105.140699, 39.845768], [-105.142168, 39.845776], [-105.142174, 39.846349], [-105.143046, 39.846411], [-105.143052, 39.847756], [-105.147745, 39.847776], [-105.147767, 39.846058], [-105.165256, 39.847371], [-105.165241, 39.848787], [-105.165436, 39.848796], [-105.165408, 39.851495], [-105.166592, 39.851486], [-105.166548, 39.850732], [-105.167682, 39.85081], [-105.167708, 39.852508], [-105.16771, 39.854257], [-105.165284, 39.854262], [-105.165289, 39.856051], [-105.17351, 39.856064], [-105.173417, 39.851388], [-105.171114, 39.851239], [-105.171111, 39.848889], [-105.171236, 39.848768], [-105.172227, 39.849109], [-105.172257, 39.851038], [-105.177773, 39.851445], [-105.179732, 39.851896], [-105.190237, 39.856072], [-105.187746, 39.856078], [-105.191344, 39.858315], [-105.192589, 39.85707], [-105.193885, 39.857572], [-105.193007, 39.858505], [-105.193052, 39.858695], [-105.192633, 39.859044], [-105.197627, 39.861778], [-105.198919, 39.862236], [-105.200683, 39.862615], [-105.203524, 39.862898], [-105.221786, 39.864418], [-105.222087, 39.864391]], [[-105.210072, 39.847605], [-105.209984, 39.846805], [-105.207643, 39.846519], [-105.207557, 39.847511], [-105.210072, 39.847605]], [[-105.203005, 39.841421], [-105.202989, 39.840049], [-105.193563, 39.840156], [-105.193573, 39.841528], [-105.203005, 39.841421]], [[-105.202826, 39.809104], [-105.199311, 39.809102], [-105.199267, 39.812667], [-105.202788, 39.812667], [-105.202826, 39.809104]], [[-105.189057, 39.811509], [-105.187397, 39.810639], [-105.185013, 39.810169], [-105.184673, 39.810175], [-105.184667, 39.810691], [-105.183816, 39.810691], [-105.183792, 39.810875], [-105.183802, 39.812033], [-105.186137, 39.812045], [-105.186148, 39.812673], [-105.186721, 39.812671], [-105.186667, 39.811479], [-105.187275, 39.810786], [-105.187586, 39.8109], [-105.18703, 39.811629], [-105.187192, 39.811702], [-105.187185, 39.812669], [-105.188227, 39.812675], [-105.188212, 39.812277], [-105.188056, 39.812111], [-105.189057, 39.811509]], [[-105.187678, 39.845919], [-105.186954, 39.845423], [-105.18696, 39.845957], [-105.187678, 39.845919]], [[-105.184617, 39.84525], [-105.184092, 39.845137], [-105.184087, 39.845717], [-105.184544, 39.845715], [-105.184617, 39.84525]], [[-105.184006, 39.826419], [-105.182977, 39.826396], [-105.181978, 39.826102], [-105.180497, 39.825951], [-105.179108, 39.826813], [-105.179414, 39.827018], [-105.183991, 39.827048], [-105.184006, 39.826419]], [[-105.178889, 39.811401], [-105.176992, 39.811378], [-105.176985, 39.812091], [-105.177583, 39.812065], [-105.177577, 39.811844], [-105.178111, 39.811841], [-105.178111, 39.812568], [-105.178643, 39.812574], [-105.178651, 39.811869], [-105.178889, 39.811401]], [[-105.174419, 39.816197], [-105.173211, 39.815238], [-105.171287, 39.814558], [-105.1708, 39.814186], [-105.170243, 39.813289], [-105.169849, 39.812999], [-105.169847, 39.81321], [-105.17062, 39.814276], [-105.171188, 39.814711], [-105.173042, 39.815349], [-105.174203, 39.816244], [-105.174419, 39.816197]], [[-105.166709, 39.81609], [-105.165756, 39.814043], [-105.165441, 39.814066], [-105.165135, 39.814284], [-105.165118, 39.816084], [-105.166709, 39.81609]], [[-105.165807, 39.810918], [-105.165215, 39.810909], [-105.165178, 39.812296], [-105.165805, 39.812298], [-105.165807, 39.810918]], [[-105.165302, 39.858401], [-105.165211, 39.857343], [-105.158388, 39.857455], [-105.1588, 39.85811], [-105.158787, 39.858425], [-105.165302, 39.858401]], [[-105.165261, 39.819735], [-105.164361, 39.819756], [-105.164388, 39.818059], [-105.165195, 39.817994], [-105.16515, 39.81719], [-105.163187, 39.817166], [-105.163181, 39.817488], [-105.162495, 39.817497], [-105.16249, 39.817752], [-105.161915, 39.817747], [-105.16187, 39.819777], [-105.159979, 39.819803], [-105.159983, 39.820371], [-105.158745, 39.820445], [-105.158922, 39.82143], [-105.162942, 39.820309], [-105.165251, 39.820411], [-105.165261, 39.819735]], [[-105.165229, 39.821075], [-105.164158, 39.821025], [-105.164155, 39.821269], [-105.165221, 39.821303], [-105.165229, 39.821075]], [[-105.165051, 39.824433], [-105.16303, 39.82445], [-105.163025, 39.82523], [-105.163114, 39.825393], [-105.165047, 39.825357], [-105.165051, 39.824433]], [[-105.155838, 39.824777], [-105.155068, 39.824784], [-105.155065, 39.827038], [-105.155831, 39.827025], [-105.155838, 39.824777]], [[-105.148455, 39.823122], [-105.147313, 39.823113], [-105.147308, 39.825127], [-105.1475, 39.82513], [-105.147493, 39.827063], [-105.1484, 39.827094], [-105.148455, 39.823122]], [[-105.147416, 39.836667], [-105.147371, 39.830987], [-105.146871, 39.830988], [-105.14687, 39.830887], [-105.146869, 39.830709], [-105.147371, 39.83071], [-105.14736, 39.830222], [-105.146191, 39.83015], [-105.1462, 39.830692], [-105.135795, 39.830725], [-105.135841, 39.832633], [-105.13481, 39.832625], [-105.134824, 39.834345], [-105.138074, 39.834344], [-105.138088, 39.835167], [-105.144665, 39.835151], [-105.144766, 39.836539], [-105.147416, 39.836667]], [[-105.145429, 39.848584], [-105.144302, 39.848575], [-105.144317, 39.849362], [-105.145445, 39.849398], [-105.145429, 39.848584]], [[-105.144176, 39.827055], [-105.142228, 39.827043], [-105.142262, 39.829069], [-105.144241, 39.829062], [-105.144176, 39.827055]], [[-105.142838, 39.823151], [-105.141047, 39.823169], [-105.141035, 39.824327], [-105.142847, 39.824362], [-105.142838, 39.823151]], [[-105.14176, 39.827042], [-105.140723, 39.827058], [-105.140742, 39.828428], [-105.14178, 39.828412], [-105.14176, 39.827042]], [[-105.134841, 39.84572], [-105.133945, 39.845706], [-105.133952, 39.846688], [-105.134837, 39.846682], [-105.134841, 39.84572]], [[-105.133597, 39.8457], [-105.132935, 39.845701], [-105.132936, 39.84664], [-105.133595, 39.846645], [-105.133597, 39.8457]], [[-105.133253, 39.798213], [-105.130891, 39.79823], [-105.130887, 39.799141], [-105.133244, 39.799123], [-105.133253, 39.798213]], [[-105.132364, 39.800488], [-105.130911, 39.800495], [-105.130839, 39.801777], [-105.13209, 39.801776], [-105.132098, 39.800939], [-105.131977, 39.800864], [-105.132364, 39.800488]], [[-105.131598, 39.843866], [-105.128834, 39.843874], [-105.128833, 39.842112], [-105.11946, 39.842067], [-105.119445, 39.842586], [-105.118805, 39.842581], [-105.1188, 39.843527], [-105.118145, 39.843515], [-105.118145, 39.843188], [-105.117473, 39.843189], [-105.11746, 39.844157], [-105.117123, 39.844158], [-105.11675, 39.84374], [-105.116768, 39.843299], [-105.117021, 39.843047], [-105.118179, 39.842527], [-105.118297, 39.842395], [-105.118246, 39.842086], [-105.116066, 39.842094], [-105.116056, 39.84264], [-105.114816, 39.84265], [-105.114814, 39.843619], [-105.11612, 39.843633], [-105.116107, 39.844655], [-105.115556, 39.844657], [-105.115554, 39.843772], [-105.114793, 39.843769], [-105.114777, 39.845215], [-105.11604, 39.846331], [-105.117122, 39.846785], [-105.117129, 39.849259], [-105.1289, 39.849304], [-105.128902, 39.848946], [-105.128794, 39.848906], [-105.128812, 39.848406], [-105.128926, 39.848399], [-105.128878, 39.845687], [-105.131577, 39.845699], [-105.131598, 39.843866]], [[-105.130737, 39.818883], [-105.128377, 39.818881], [-105.128406, 39.820295], [-105.129635, 39.820283], [-105.129634, 39.819959], [-105.130725, 39.819956], [-105.130737, 39.818883]], [[-105.13042, 39.82225], [-105.128487, 39.822182], [-105.128397, 39.822477], [-105.13042, 39.822472], [-105.13042, 39.82225]], [[-105.129824, 39.840079], [-105.129782, 39.839187], [-105.128789, 39.839192], [-105.128782, 39.839646], [-105.129418, 39.839633], [-105.129432, 39.840079], [-105.129824, 39.840079]], [[-105.128401, 39.817881], [-105.128399, 39.815177], [-105.123737, 39.815172], [-105.123757, 39.817884], [-105.128401, 39.817881]], [[-105.119506, 39.817977], [-105.119503, 39.817528], [-105.119028, 39.817531], [-105.119035, 39.817978], [-105.119506, 39.817977]], [[-105.113847, 39.849802], [-105.113324, 39.849245], [-105.112654, 39.849245], [-105.113026, 39.849663], [-105.112931, 39.850019], [-105.111711, 39.850689], [-105.111299, 39.851369], [-105.110043, 39.851717], [-105.110039, 39.852731], [-105.111264, 39.85252], [-105.111412, 39.85225], [-105.111103, 39.851644], [-105.112613, 39.85091], [-105.113847, 39.849802]], [[-105.111974, 39.796438], [-105.109608, 39.796443], [-105.109607, 39.798261], [-105.111967, 39.798258], [-105.111974, 39.796438]], [[-105.091287, 39.785003], [-105.090794, 39.785], [-105.090801, 39.785215], [-105.091286, 39.785215], [-105.091287, 39.785003]], [[-105.076711, 39.804832], [-105.076641, 39.80299], [-105.075755, 39.802985], [-105.075754, 39.803232], [-105.076374, 39.803207], [-105.076402, 39.803357], [-105.076296, 39.803367], [-105.076627, 39.804453], [-105.076168, 39.804456], [-105.076353, 39.804918], [-105.076711, 39.804832]], [[-105.07324, 39.802954], [-105.072587, 39.802953], [-105.072587, 39.802983], [-105.0726, 39.803086], [-105.07324, 39.803089], [-105.07324, 39.802954]], [[-105.068655, 39.791098], [-105.067847, 39.79109], [-105.067828, 39.791755], [-105.068645, 39.791761], [-105.068655, 39.791098]], [[-105.067347, 39.790048], [-105.066619, 39.790048], [-105.066617, 39.791085], [-105.067339, 39.791088], [-105.067347, 39.790048]], [[-105.061474, 39.798421], [-105.060781, 39.798427], [-105.060768, 39.799871], [-105.060641, 39.800119], [-105.060988, 39.800283], [-105.061441, 39.800137], [-105.061474, 39.798421]]]]}}, {"type": "Feature", "properties": {"key": "golden", "name": "Golden"}, "geometry": {"type": "Polygon", "coordinates": [[[-105.24049, 39.753635], [-105.240482, 39.759289], [-105.238668, 39.759273], [-105.238685, 39.760502], [-105.240474, 39.760509], [-105.240415, 39.768752], [-105.235906, 39.768837], [-105.2365, 39.770712], [-105.236498, 39.771451], [-105.236272, 39.772397], [-105.238096, 39.772384], [-105.238087, 39.773961], [-105.240421, 39.773909], [-105.240345, 39.780121], [-105.240443, 39.78321], [-105.231719, 39.783234], [-105.231652, 39.780971], [-105.231451, 39.780967], [-105.231577, 39.779603], [-105.226603, 39.779601], [-105.225563, 39.779216], [-105.224511, 39.778256], [-105.224219, 39.777501], [-105.224183, 39.776818], [-105.224332, 39.776151], [-105.224836, 39.775063], [-105.22479, 39.774145], [-105.224106, 39.773175], [-105.223034, 39.772568], [-105.221745, 39.772574], [-105.221725, 39.769046], [-105.213918, 39.769028], [-105.211694, 39.765688], [-105.212224, 39.765409], [-105.212282, 39.764036], [-105.20884, 39.765893], [-105.205978, 39.767228], [-105.20154, 39.768899], [-105.197551, 39.770097], [-105.190013, 39.771611], [-105.189234, 39.772358], [-105.189087, 39.772359], [-105.188868, 39.775492], [-105.190147, 39.775452], [-105.190328, 39.776269], [-105.191228, 39.776257], [-105.19076, 39.777517], [-105.189786, 39.781404], [-105.188633, 39.781412], [-105.188275, 39.783458], [-105.189274, 39.783546], [-105.184192, 39.783552], [-105.18416, 39.785444], [-105.186013, 39.785431], [-105.185984, 39.787131], [-105.184132, 39.787111], [-105.184154, 39.785789], [-105.181771, 39.785767], [-105.182, 39.786466], [-105.181886, 39.787219], [-105.180252, 39.787161], [-105.178195, 39.786679], [-105.178202, 39.786019], [-105.177439, 39.786015], [-105.177411, 39.786648], [-105.174935, 39.786608], [-105.174959, 39.776133], [-105.18394, 39.773579], [-105.18724, 39.772201], [-105.194077, 39.770562], [-105.198095, 39.769757], [-105.205918, 39.767136], [-105.208724, 39.765821], [-105.212259, 39.763934], [-105.212295, 39.762505], [-105.213356, 39.762116], [-105.215079, 39.760534], [-105.217107, 39.75925], [-105.216943, 39.758887], [-105.218638, 39.757874], [-105.217198, 39.756311], [-105.216543, 39.756643], [-105.214849, 39.757937], [-105.212407, 39.757933], [-105.212487, 39.754576], [-105.198535, 39.754482], [-105.198471, 39.747286], [-105.19379, 39.747275], [-105.19375, 39.743638], [-105.188989, 39.743654], [-105.189016, 39.742204], [-105.190196, 39.742555], [-105.190203, 39.741214], [-105.191385, 39.741219], [-105.191397, 39.740011], [-105.193787, 39.740491], [-105.193792, 39.740007], [-105.192296, 39.740009], [-105.191589, 39.739796], [-105.191661, 39.737103], [-105.193042, 39.737448], [-105.193033, 39.736374], [-105.192546, 39.736378], [-105.19254, 39.734378], [-105.193824, 39.734373], [-105.193783, 39.727237], [-105.193826, 39.726617], [-105.194194, 39.725446], [-105.193705, 39.724754], [-105.190601, 39.724754], [-105.191889, 39.723983], [-105.191767, 39.723816], [-105.189178, 39.724463], [-105.187819, 39.726349], [-105.187813, 39.727309], [-105.190157, 39.727296], [-105.190131, 39.729097], [-105.18902, 39.729111], [-105.189001, 39.729813], [-105.187401, 39.730295], [-105.187388, 39.729868], [-105.18668, 39.729888], [-105.186674, 39.730514], [-105.18428, 39.731247], [-105.184309, 39.729151], [-105.18314, 39.729139], [-105.183126, 39.727785], [-105.178443, 39.728867], [-105.173694, 39.730161], [-105.173662, 39.729974], [-105.179004, 39.728537], [-105.179001, 39.728032], [-105.178414, 39.728033], [-105.178415, 39.727757], [-105.177357, 39.727697], [-105.177357, 39.727246], [-105.177249, 39.72717], [-105.17913, 39.726003], [-105.179487, 39.726003], [-105.179477, 39.725767], [-105.180883, 39.724815], [-105.178754, 39.724788], [-105.176464, 39.725187], [-105.172147, 39.725184], [-105.169297, 39.724971], [-105.16877, 39.724739], [-105.167845, 39.723863], [-105.167394, 39.723707], [-105.165613, 39.723691], [-105.165609, 39.724], [-105.165317, 39.723994], [-105.16532, 39.724312], [-105.164961, 39.724575], [-105.163281, 39.724643], [-105.16414, 39.724442], [-105.164023, 39.724284], [-105.161863, 39.724277], [-105.161848, 39.723957], [-105.162485, 39.722442], [-105.163119, 39.721939], [-105.163065, 39.721848], [-105.165574, 39.721812], [-105.165612, 39.723482], [-105.167654, 39.723547], [-105.169353, 39.724767], [-105.172201, 39.724989], [-105.174899, 39.724977], [-105.174848, 39.718254], [-105.184211, 39.718263], [-105.184235, 39.720213], [-105.185999, 39.720191], [-105.187632, 39.718959], [-105.18888, 39.717669], [-105.188831, 39.711231], [-105.193649, 39.711114], [-105.193568, 39.713984], [-105.193631, 39.713904], [-105.193625, 39.716082], [-105.193748, 39.716217], [-105.196296, 39.715727], [-105.198398, 39.714482], [-105.198316, 39.709009], [-105.201683, 39.704671], [-105.201573, 39.704616], [-105.20182, 39.704494], [-105.202498, 39.703619], [-105.204096, 39.70363], [-105.204114, 39.702924], [-105.204497, 39.702013], [-105.205883, 39.701809], [-105.206494, 39.701584], [-105.206639, 39.703646], [-105.208396, 39.703657], [-105.215494, 39.700602], [-105.221017, 39.701489], [-105.221125, 39.711047], [-105.238893, 39.710946], [-105.238596, 39.716844], [-105.238243, 39.716836], [-105.238291, 39.717179], [-105.238576, 39.717184], [-105.238522, 39.718238], [-105.236742, 39.718248], [-105.234718, 39.715483], [-105.232739, 39.715472], [-105.232587, 39.715196], [-105.231163, 39.715132], [-105.231161, 39.718142], [-105.232136, 39.718263], [-105.22983, 39.718296], [-105.229787, 39.725497], [-105.221392, 39.72556], [-105.221583, 39.728568], [-105.220827, 39.728562], [-105.220872, 39.72913], [-105.221619, 39.729138], [-105.221641, 39.729484], [-105.223796, 39.729453], [-105.223991, 39.732686], [-105.221847, 39.732725], [-105.221943, 39.739973], [-105.232951, 39.739967], [-105.232982, 39.742393], [-105.233463, 39.742845], [-105.23396, 39.742937], [-105.234842, 39.742815], [-105.235343, 39.742214], [-105.236298, 39.742831], [-105.235736, 39.744018], [-105.234599, 39.743583], [-105.234498, 39.744165], [-105.234735, 39.74447], [-105.235109, 39.744574], [-105.236202, 39.744439], [-105.236334, 39.744535], [-105.233738, 39.745135], [-105.234027, 39.745969], [-105.234036, 39.747178], [-105.231113, 39.74722], [-105.231036, 39.749928], [-105.23216, 39.750071], [-105.233935, 39.750706], [-105.235611, 39.751887], [-105.236254, 39.751891], [-105.236241, 39.751672], [-105.237277, 39.751394], [-105.238546, 39.751576], [-105.238481, 39.752412], [-105.237938, 39.752406], [-105.237937, 39.752531], [-105.238471, 39.752554], [-105.238454, 39.752773], [-105.240193, 39.753269], [-105.240207, 39.753618], [-105.24049, 39.753635]], [[-105.236278, 39.752642], [-105.236273, 39.752219], [-105.235791, 39.752238], [-105.236278, 39.752642]], [[-105.234817, 39.752977], [-105.234092, 39.752252], [-105.232985, 39.751515], [-105.231011, 39.751193], [-105.231033, 39.753066], [-105.231877, 39.752826], [-105.233609, 39.753073], [-105.234817, 39.752977]], [[-105.214339, 39.724991], [-105.212405, 39.724962], [-105.212409, 39.7254], [-105.21434, 39.725434], [-105.214339, 39.724991]], [[-105.209118, 39.71952], [-105.208121, 39.717691], [-105.207794, 39.717878], [-105.207043, 39.717868], [-105.206382, 39.718454], [-105.206373, 39.719292], [-105.209118, 39.71952]], [[-105.178418, 39.724674], [-105.178405, 39.723746], [-105.176797, 39.723724], [-105.176797, 39.724699], [-105.178418, 39.724674]], [[-105.221392, 39.72556], [-105.221274, 39.718352], [-105.216803, 39.718302], [-105.216845, 39.725479], [-105.221392, 39.72556]]]}}, {"type": "Feature", "properties": {"key": "morrison", "name": "Morrison"}, "geometry": {"type": "MultiPolygon", "coordinates": [[[[-105.169475, 39.659752], [-105.168492, 39.660302], [-105.162373, 39.660281], [-105.165923, 39.65681], [-105.167272, 39.657547], [-105.169475, 39.659752]]], [[[-105.172073, 39.653561], [-105.171869, 39.654285], [-105.171265, 39.65419], [-105.171255, 39.653584], [-105.172073, 39.653561]]], [[[-105.22233, 39.620513], [-105.222272, 39.624103], [-105.212278, 39.624073], [-105.211977, 39.631111], [-105.207341, 39.631037], [-105.207204, 39.634626], [-105.211828, 39.634612], [-105.211679, 39.638191], [-105.200144, 39.638363], [-105.200214, 39.62374], [-105.202405, 39.62372], [-105.202894, 39.620134], [-105.201768, 39.620956], [-105.200892, 39.621322], [-105.200109, 39.62144], [-105.19807, 39.62131], [-105.198025, 39.621769], [-105.196963, 39.621861], [-105.195479, 39.622421], [-105.193854, 39.623691], [-105.193616, 39.624251], [-105.193587, 39.62503], [-105.193791, 39.627337], [-105.193766, 39.6287], [-105.194388, 39.628969], [-105.193755, 39.629338], [-105.193518, 39.6305], [-105.193521, 39.631326], [-105.193788, 39.631426], [-105.193792, 39.632214], [-105.193361, 39.632548], [-105.193226, 39.633972], [-105.19319, 39.634984], [-105.193369, 39.636234], [-105.193303, 39.637544], [-105.193744, 39.641616], [-105.193182, 39.645599], [-105.20254, 39.645484], [-105.203014, 39.650959], [-105.202442, 39.650954], [-105.202447, 39.651189], [-105.200954, 39.651205], [-105.200951, 39.651001], [-105.202437, 39.65084], [-105.20235, 39.649036], [-105.200365, 39.649053], [-105.200441, 39.650925], [-105.198369, 39.650911], [-105.198506, 39.653296], [-105.199245, 39.653336], [-105.199683, 39.653626], [-105.199579, 39.653917], [-105.198635, 39.654038], [-105.198466, 39.654208], [-105.198493, 39.654977], [-105.197994, 39.654951], [-105.197985, 39.654839], [-105.196551, 39.6574], [-105.195298, 39.658569], [-105.194383, 39.658743], [-105.194125, 39.658538], [-105.193474, 39.65869], [-105.193052, 39.658616], [-105.191697, 39.656379], [-105.184484, 39.656467], [-105.18457, 39.660136], [-105.184363, 39.660139], [-105.184368, 39.660288], [-105.183217, 39.660312], [-105.181897, 39.658145], [-105.181512, 39.65693], [-105.181127, 39.654602], [-105.179875, 39.654846], [-105.178187, 39.654218], [-105.172776, 39.65339], [-105.174832, 39.653076], [-105.175714, 39.653078], [-105.176157, 39.65324], [-105.176307, 39.652867], [-105.178924, 39.653545], [-105.179663, 39.653468], [-105.179668, 39.653642], [-105.182017, 39.652797], [-105.1821, 39.65255], [-105.182384, 39.652412], [-105.182115, 39.651657], [-105.18356, 39.651333], [-105.183966, 39.651314], [-105.18431, 39.651813], [-105.185471, 39.651945], [-105.187497, 39.652626], [-105.188119, 39.652274], [-105.187907, 39.652225], [-105.188194, 39.652044], [-105.187943, 39.651988], [-105.18794, 39.651856], [-105.188232, 39.651804], [-105.189826, 39.651795], [-105.189923, 39.652198], [-105.191276, 39.652092], [-105.191276, 39.651794], [-105.192533, 39.651753], [-105.192384, 39.651292], [-105.191865, 39.65138], [-105.19186, 39.651174], [-105.191372, 39.651181], [-105.191345, 39.649987], [-105.19186, 39.64998], [-105.191868, 39.650323], [-105.192391, 39.650317], [-105.192304, 39.649096], [-105.193435, 39.649062], [-105.192955, 39.647159], [-105.192834, 39.645662], [-105.193422, 39.641426], [-105.193148, 39.638646], [-105.192607, 39.635536], [-105.192718, 39.6336], [-105.192541, 39.633589], [-105.192753, 39.632226], [-105.192859, 39.632232], [-105.192908, 39.631005], [-105.193314, 39.628932], [-105.193172, 39.62498], [-105.19334, 39.622674], [-105.194033, 39.622402], [-105.194918, 39.621747], [-105.196195, 39.621068], [-105.196978, 39.620798], [-105.197198, 39.620431], [-105.198142, 39.620568], [-105.198099, 39.620962], [-105.200054, 39.621051], [-105.201151, 39.620784], [-105.202976, 39.619391], [-105.202988, 39.618862], [-105.204706, 39.618306], [-105.206034, 39.618273], [-105.207923, 39.618629], [-105.209621, 39.618382], [-105.212092, 39.618837], [-105.212774, 39.618843], [-105.214294, 39.617606], [-105.216027, 39.617194], [-105.216964, 39.617249], [-105.218139, 39.61755], [-105.218129, 39.618771], [-105.218872, 39.618776], [-105.218866, 39.619467], [-105.219294, 39.61947], [-105.219279, 39.620839], [-105.221043, 39.620846], [-105.221041, 39.620725], [-105.221414, 39.620726], [-105.221411, 39.620512], [-105.22233, 39.620513]], [[-105.192407, 39.650482], [-105.191845, 39.650488], [-105.191852, 39.650831], [-105.192396, 39.650826], [-105.192407, 39.650482]]]]}}, {"type": "Feature", "properties": {"key": "commerce_city", "name": "Commerce City"}, "geometry": {"type": "MultiPolygon", "coordinates": [[[[-104.67805, 39.914005], [-104.65918, 39.913992], [-104.659163, 39.906787], [-104.678083, 39.906991], [-104.67805, 39.914005]]], [[[-104.804615, 39.92283], [-104.79853, 39.928027], [-104.793234, 39.928013], [-104.793461, 39.928837], [-104.790057, 39.928812], [-104.79015, 39.919549], [-104.791137, 39.919553], [-104.791172, 39.918554], [-104.79133, 39.918557], [-104.791319, 39.919557], [-104.794726, 39.919579], [-104.794729, 39.919361], [-104.799053, 39.919604], [-104.799484, 39.919903], [-104.799484, 39.921763], [-104.800298, 39.922341], [-104.80152, 39.922764], [-104.802573, 39.922535], [-104.804615, 39.92283]]], [[[-104.902451, 39.84159], [-104.901999, 39.841588], [-104.901998, 39.841399], [-104.902451, 39.8414], [-104.902451, 39.84159]]], [[[-104.90648, 39.840395], [-104.90598, 39.840394], [-104.905966, 39.840258], [-104.906479, 39.840258], [-104.90648, 39.840395]]], [[[-104.90997, 39.837302], [-104.909826, 39.837537], [-104.909415, 39.837534], [-104.90942, 39.837374], [-104.909726, 39.837375], [-104.909756, 39.8372], [-104.90997, 39.837302]]], [[[-104.910736, 39.833728], [-104.910421, 39.833732], [-104.910583, 39.834487], [-104.910387, 39.834487], [-104.910388, 39.834105], [-104.910225, 39.834105], [-104.910262, 39.833581], [-104.910737, 39.833582], [-104.910736, 39.833728]]], [[[-104.911241, 39.833402], [-104.911727, 39.833554], [-104.91124, 39.833552], [-104.911241, 39.833402]]], [[[-104.911244, 39.832949], [-104.911729, 39.833098], [-104.911242, 39.8331], [-104.911244, 39.832949]]], [[[-104.912148, 39.834485], [-104.911952, 39.834486], [-104.911952, 39.8341], [-104.912153, 39.834101], [-104.912148, 39.834485]]], [[[-104.912197, 39.833855], [-104.911726, 39.833851], [-104.911725, 39.8341], [-104.910828, 39.834102], [-104.91083, 39.833856], [-104.911239, 39.833854], [-104.91124, 39.833704], [-104.912201, 39.833695], [-104.912197, 39.833855]]], [[[-104.912289, 39.836291], [-104.912022, 39.83629], [-104.912027, 39.835846], [-104.91229, 39.835846], [-104.912289, 39.836291]]], [[[-104.912532, 39.861447], [-104.911496, 39.861449], [-104.911515, 39.860855], [-104.910617, 39.860879], [-104.911123, 39.860277], [-104.912543, 39.860258], [-104.912532, 39.861447]]], [[[-104.912657, 39.832582], [-104.91221, 39.8326], [-104.912208, 39.832442], [-104.912658, 39.832443], [-104.912657, 39.832582]]], [[[-104.913171, 39.831659], [-104.912682, 39.831657], [-104.91268, 39.831476], [-104.913171, 39.831476], [-104.913171, 39.831659]]], [[[-104.913176, 39.832294], [-104.91266, 39.832299], [-104.912662, 39.832136], [-104.913175, 39.832137], [-104.913176, 39.832294]]], [[[-104.913582, 39.831709], [-104.913582, 39.831823], [-104.913172, 39.831822], [-104.913171, 39.831659], [-104.913582, 39.831709]]], [[[-104.915346, 39.831385], [-104.914659, 39.831387], [-104.914672, 39.831224], [-104.915347, 39.831225], [-104.915346, 39.831385]]], [[[-104.916669, 39.833646], [-104.915895, 39.833647], [-104.915894, 39.833482], [-104.916669, 39.833484], [-104.916669, 39.833646]]], [[[-104.916759, 39.829129], [-104.915895, 39.829129], [-104.915889, 39.828575], [-104.916757, 39.828575], [-104.916759, 39.829129]]], [[[-104.918536, 39.841325], [-104.917949, 39.841328], [-104.91795, 39.841193], [-104.918539, 39.841197], [-104.918536, 39.841325]]], [[[-104.919518, 39.832059], [-104.919343, 39.832167], [-104.917201, 39.832132], [-104.917201, 39.831465], [-104.916134, 39.831465], [-104.916133, 39.831739], [-104.916668, 39.831739], [-104.916668, 39.832287], [-104.915897, 39.832289], [-104.915897, 39.832719], [-104.915351, 39.832726], [-104.915336, 39.834472], [-104.914634, 39.834459], [-104.914635, 39.834199], [-104.914151, 39.834195], [-104.914153, 39.83357], [-104.914636, 39.833562], [-104.914636, 39.833405], [-104.914151, 39.833404], [-104.914155, 39.83277], [-104.913664, 39.832771], [-104.913665, 39.832611], [-104.914156, 39.832612], [-104.914156, 39.832137], [-104.913757, 39.832137], [-104.91376, 39.831661], [-104.915347, 39.831491], [-104.915356, 39.83211], [-104.915893, 39.832109], [-104.915883, 39.830786], [-104.915349, 39.830786], [-104.915348, 39.830586], [-104.915881, 39.830581], [-104.915881, 39.830391], [-104.915348, 39.830389], [-104.915348, 39.829986], [-104.916136, 39.830076], [-104.916135, 39.831369], [-104.91747, 39.83137], [-104.917417, 39.831967], [-104.919196, 39.831958], [-104.919197, 39.831592], [-104.91941, 39.831593], [-104.919518, 39.832059]]], [[[-104.920009, 39.861688], [-104.919664, 39.862582], [-104.91891, 39.863488], [-104.917234, 39.864403], [-104.914856, 39.864415], [-104.914865, 39.862602], [-104.912636, 39.862591], [-104.912642, 39.861678], [-104.920009, 39.861688]]], [[[-104.921866, 39.839937], [-104.921805, 39.840085], [-104.921373, 39.839961], [-104.921438, 39.839813], [-104.921866, 39.839937]]], [[[-104.922241, 39.839121], [-104.921764, 39.839013], [-104.921832, 39.838817], [-104.922307, 39.83895], [-104.922241, 39.839121]]], [[[-104.922429, 39.838643], [-104.922359, 39.838819], [-104.921881, 39.838682], [-104.921937, 39.838532], [-104.922429, 39.838643]]], [[[-104.922563, 39.839673], [-104.922461, 39.839929], [-104.921968, 39.839809], [-104.922071, 39.839557], [-104.922563, 39.839673]]], [[[-104.922727, 39.837723], [-104.922675, 39.837843], [-104.92225, 39.837744], [-104.922312, 39.837587], [-104.922727, 39.837723]]], [[[-104.923394, 39.837579], [-104.922903, 39.837465], [-104.922957, 39.837329], [-104.923449, 39.837443], [-104.923394, 39.837579]]], [[[-104.923921, 39.836275], [-104.923495, 39.837316], [-104.922563, 39.836957], [-104.922462, 39.837212], [-104.922053, 39.837117], [-104.922209, 39.836711], [-104.921657, 39.836605], [-104.921089, 39.83654], [-104.920761, 39.837337], [-104.91985, 39.837052], [-104.919779, 39.837171], [-104.91897, 39.836782], [-104.91912, 39.836359], [-104.920117, 39.836289], [-104.923921, 39.836275]]], [[[-104.931494, 39.836306], [-104.930715, 39.836308], [-104.930709, 39.835626], [-104.931489, 39.835628], [-104.931494, 39.836306]]], [[[-104.932003, 39.831704], [-104.931481, 39.831704], [-104.931483, 39.831541], [-104.932003, 39.831532], [-104.932003, 39.831704]]], [[[-104.935998, 39.856304], [-104.935164, 39.857395], [-104.931568, 39.856928], [-104.931532, 39.858021], [-104.930394, 39.858031], [-104.929143, 39.858028], [-104.929203, 39.856342], [-104.921114, 39.856339], [-104.919879, 39.857623], [-104.919683, 39.858054], [-104.919609, 39.85898], [-104.917846, 39.858638], [-104.91963, 39.856286], [-104.919767, 39.856264], [-104.922094, 39.856175], [-104.922094, 39.856011], [-104.931658, 39.856258], [-104.935974, 39.856163], [-104.935869, 39.856305], [-104.935998, 39.856304]]], [[[-104.942954, 39.827054], [-104.940493, 39.827046], [-104.941252, 39.826567], [-104.941916, 39.825365], [-104.941645, 39.825033], [-104.941538, 39.824458], [-104.941919, 39.823986], [-104.942954, 39.827054]]], [[[-104.968863, 39.791317], [-104.968316, 39.791832], [-104.967936, 39.791831], [-104.967504, 39.793322], [-104.966793, 39.793318], [-104.966033, 39.794426], [-104.960752, 39.798764], [-104.960303, 39.799355], [-104.959457, 39.801011], [-104.957235, 39.802987], [-104.957041, 39.803733], [-104.957323, 39.805159], [-104.958914, 39.80799], [-104.958821, 39.811256], [-104.958407, 39.811814], [-104.957676, 39.81222], [-104.953166, 39.812877], [-104.952167, 39.8132], [-104.951781, 39.813494], [-104.951376, 39.814173], [-104.949763, 39.818728], [-104.949442, 39.820053], [-104.948949, 39.823584], [-104.942224, 39.823579], [-104.941251, 39.823717], [-104.941066, 39.824336], [-104.941304, 39.825631], [-104.941233, 39.825922], [-104.940056, 39.826951], [-104.939941, 39.827222], [-104.940396, 39.827221], [-104.940367, 39.830861], [-104.938361, 39.830859], [-104.93805, 39.831858], [-104.93751, 39.83241], [-104.937158, 39.832607], [-104.935444, 39.832781], [-104.934175, 39.833258], [-104.934047, 39.830945], [-104.935215, 39.830866], [-104.933873, 39.830875], [-104.933812, 39.832346], [-104.933413, 39.832343], [-104.933437, 39.830975], [-104.932863, 39.830971], [-104.932863, 39.829944], [-104.933961, 39.829939], [-104.933961, 39.827288], [-104.936138, 39.827284], [-104.93614, 39.827121], [-104.936272, 39.827126], [-104.936278, 39.824546], [-104.938558, 39.824519], [-104.938555, 39.825494], [-104.939473, 39.825492], [-104.939472, 39.825984], [-104.940283, 39.825982], [-104.940288, 39.824235], [-104.939658, 39.824219], [-104.939662, 39.823611], [-104.935086, 39.823687], [-104.935105, 39.826555], [-104.935622, 39.826554], [-104.935622, 39.826765], [-104.935105, 39.826765], [-104.935102, 39.827151], [-104.934729, 39.82715], [-104.934728, 39.826914], [-104.934498, 39.826916], [-104.934499, 39.826722], [-104.934583, 39.826339], [-104.934967, 39.826339], [-104.934955, 39.823614], [-104.93013, 39.82362], [-104.93048, 39.82307], [-104.929973, 39.822882], [-104.927656, 39.826542], [-104.927028, 39.827095], [-104.928184, 39.827099], [-104.929175, 39.825516], [-104.930152, 39.825512], [-104.930146, 39.826181], [-104.931407, 39.826186], [-104.931401, 39.826702], [-104.93279, 39.826698], [-104.932782, 39.827239], [-104.93251, 39.827292], [-104.932513, 39.828173], [-104.932358, 39.828172], [-104.932358, 39.827923], [-104.931398, 39.827926], [-104.93136, 39.83322], [-104.929734, 39.833215], [-104.929734, 39.834495], [-104.927977, 39.834491], [-104.927978, 39.836226], [-104.927623, 39.836226], [-104.927618, 39.834492], [-104.926796, 39.83449], [-104.926798, 39.833794], [-104.925675, 39.833791], [-104.925749, 39.833605], [-104.925414, 39.833541], [-104.925089, 39.835484], [-104.92519, 39.83551], [-104.925081, 39.835771], [-104.925328, 39.835832], [-104.925315, 39.836222], [-104.923944, 39.836215], [-104.924281, 39.835344], [-104.924629, 39.833313], [-104.925124, 39.831803], [-104.924315, 39.831807], [-104.924325, 39.831322], [-104.925297, 39.831329], [-104.926164, 39.829207], [-104.922826, 39.829204], [-104.922089, 39.830137], [-104.922095, 39.830956], [-104.919313, 39.834487], [-104.91868, 39.834483], [-104.917384, 39.836162], [-104.917817, 39.836362], [-104.917675, 39.836525], [-104.917247, 39.836319], [-104.916596, 39.837145], [-104.917031, 39.837349], [-104.916975, 39.837421], [-104.916905, 39.83751], [-104.916466, 39.837309], [-104.91596, 39.837966], [-104.91639, 39.838169], [-104.916263, 39.83833], [-104.915833, 39.838132], [-104.914537, 39.839788], [-104.914966, 39.83999], [-104.915693, 39.838997], [-104.916221, 39.839236], [-104.916089, 39.839407], [-104.915783, 39.839263], [-104.914899, 39.840391], [-104.914292, 39.840108], [-104.913103, 39.841646], [-104.913709, 39.841648], [-104.904373, 39.853577], [-104.906274, 39.852789], [-104.90787, 39.851926], [-104.907862, 39.852641], [-104.905604, 39.854366], [-104.90537, 39.854755], [-104.905373, 39.855264], [-104.90487, 39.856148], [-104.905163, 39.856148], [-104.905399, 39.855601], [-104.906012, 39.855605], [-104.90601, 39.856151], [-104.91259, 39.856134], [-104.912579, 39.857413], [-104.914224, 39.858111], [-104.914121, 39.858515], [-104.913191, 39.85825], [-104.910266, 39.856707], [-104.910324, 39.857071], [-104.910919, 39.857404], [-104.911142, 39.8577], [-104.911053, 39.858686], [-104.909368, 39.861036], [-104.905413, 39.861033], [-104.905414, 39.860675], [-104.904715, 39.860959], [-104.903479, 39.862451], [-104.903072, 39.862455], [-104.903062, 39.866119], [-104.905122, 39.866122], [-104.904107, 39.867257], [-104.903061, 39.866776], [-104.903059, 39.868095], [-104.90138, 39.869301], [-104.899887, 39.869999], [-104.899331, 39.870615], [-104.891032, 39.870609], [-104.879649, 39.885131], [-104.889765, 39.885111], [-104.892142, 39.880973], [-104.894736, 39.878074], [-104.895015, 39.87808], [-104.892112, 39.881494], [-104.885562, 39.892475], [-104.898335, 39.892478], [-104.898387, 39.900579], [-104.897094, 39.901829], [-104.897012, 39.902358], [-104.89739, 39.903366], [-104.893561, 39.903356], [-104.893554, 39.906877], [-104.890899, 39.907034], [-104.877824, 39.906954], [-104.878201, 39.906471], [-104.876516, 39.906464], [-104.873973, 39.910503], [-104.871183, 39.913995], [-104.871389, 39.914092], [-104.870489, 39.914427], [-104.869413, 39.914433], [-104.869331, 39.91431], [-104.86097, 39.914484], [-104.855373, 39.914339], [-104.853702, 39.914404], [-104.853706, 39.914521], [-104.852735, 39.914524], [-104.852736, 39.914409], [-104.846786, 39.914465], [-104.846768, 39.910596], [-104.847549, 39.910592], [-104.847549, 39.910429], [-104.847547, 39.91002], [-104.84677, 39.91002], [-104.846745, 39.903584], [-104.848034, 39.903574], [-104.847622, 39.902591], [-104.846738, 39.902595], [-104.84673, 39.899705], [-104.846518, 39.899634], [-104.846351, 39.897654], [-104.84265, 39.899685], [-104.842907, 39.899686], [-104.841928, 39.900207], [-104.841918, 39.90006], [-104.837248, 39.902611], [-104.837228, 39.901499], [-104.836188, 39.901537], [-104.834824, 39.900896], [-104.833854, 39.90104], [-104.832003, 39.902332], [-104.827954, 39.903758], [-104.827959, 39.90621], [-104.826984, 39.906288], [-104.825869, 39.907061], [-104.825093, 39.907052], [-104.824837, 39.905533], [-104.823492, 39.906611], [-104.823328, 39.90555], [-104.823481, 39.904654], [-104.824398, 39.903029], [-104.825756, 39.904213], [-104.827738, 39.902507], [-104.827735, 39.901981], [-104.826235, 39.902544], [-104.825098, 39.903522], [-104.824761, 39.903224], [-104.824914, 39.903102], [-104.823745, 39.901455], [-104.823143, 39.899903], [-104.822546, 39.89991], [-104.821807, 39.904987], [-104.823028, 39.90697], [-104.817497, 39.911728], [-104.81727, 39.911552], [-104.816844, 39.910638], [-104.81679, 39.910054], [-104.816275, 39.908807], [-104.816239, 39.908415], [-104.816514, 39.907199], [-104.815637, 39.907195], [-104.816003, 39.906359], [-104.815931, 39.905146], [-104.814697, 39.904223], [-104.814647, 39.904058], [-104.815746, 39.902383], [-104.81627, 39.900011], [-104.809335, 39.900123], [-104.809234, 39.904368], [-104.814598, 39.904279], [-104.815568, 39.904876], [-104.815803, 39.905151], [-104.815924, 39.905645], [-104.809193, 39.905792], [-104.80915, 39.907228], [-104.815319, 39.907191], [-104.815278, 39.908283], [-104.816144, 39.910208], [-104.816381, 39.911944], [-104.81602, 39.912469], [-104.814028, 39.914218], [-104.81833, 39.914198], [-104.818331, 39.914401], [-104.80891, 39.914401], [-104.808925, 39.91834], [-104.808391, 39.918905], [-104.807325, 39.919575], [-104.805476, 39.920003], [-104.804431, 39.920744], [-104.801248, 39.921098], [-104.800261, 39.920979], [-104.800068, 39.920813], [-104.799759, 39.9198], [-104.799376, 39.919337], [-104.799131, 39.919256], [-104.794733, 39.919014], [-104.794722, 39.917711], [-104.793691, 39.917718], [-104.793541, 39.917559], [-104.793556, 39.916794], [-104.794756, 39.916801], [-104.794781, 39.914526], [-104.790106, 39.91453], [-104.79011, 39.914328], [-104.789983, 39.914327], [-104.78991, 39.921585], [-104.771299, 39.921579], [-104.771326, 39.914558], [-104.771004, 39.914499], [-104.771153, 39.907238], [-104.752467, 39.907178], [-104.75256, 39.900368], [-104.74701, 39.900368], [-104.747014, 39.898758], [-104.752133, 39.898783], [-104.751819, 39.898063], [-104.75053, 39.896795], [-104.750043, 39.896024], [-104.749891, 39.89507], [-104.749901, 39.890658], [-104.748806, 39.890637], [-104.748806, 39.888173], [-104.752631, 39.888187], [-104.752677, 39.883705], [-104.746431, 39.883684], [-104.746439, 39.883108], [-104.752685, 39.883141], [-104.752824, 39.871045], [-104.751662, 39.870833], [-104.733939, 39.870844], [-104.734125, 39.856583], [-104.752977, 39.856471], [-104.75298, 39.85634], [-104.749093, 39.856334], [-104.747489, 39.852226], [-104.747387, 39.84729], [-104.753046, 39.8473], [-104.753063, 39.845339], [-104.762279, 39.84539], [-104.762317, 39.841788], [-104.771968, 39.841759], [-104.776065, 39.841769], [-104.775942, 39.842113], [-104.775179, 39.842223], [-104.775044, 39.842898], [-104.774183, 39.843432], [-104.774015, 39.843873], [-104.775757, 39.843894], [-104.779478, 39.844409], [-104.786507, 39.844317], [-104.786472, 39.841793], [-104.790954, 39.841803], [-104.79099, 39.856347], [-104.791104, 39.858834], [-104.790969, 39.865579], [-104.791214, 39.866632], [-104.792385, 39.869834], [-104.793013, 39.870567], [-104.793493, 39.870785], [-104.846635, 39.870561], [-104.864567, 39.870609], [-104.881334, 39.855939], [-104.883572, 39.854214], [-104.898119, 39.841684], [-104.897429, 39.841687], [-104.897411, 39.827246], [-104.89764, 39.812968], [-104.884585, 39.812975], [-104.884585, 39.812812], [-104.884405, 39.812815], [-104.884474, 39.798322], [-104.896191, 39.798344], [-104.896165, 39.804223], [-104.90152, 39.804226], [-104.901405, 39.798383], [-104.903561, 39.798391], [-104.903438, 39.783808], [-104.927002, 39.783778], [-104.927034, 39.791054], [-104.940487, 39.791002], [-104.940476, 39.794601], [-104.955445, 39.794625], [-104.96019, 39.791025], [-104.968861, 39.791041], [-104.968863, 39.791317]], [[-104.924036, 39.827116], [-104.92138, 39.827115], [-104.92138, 39.827652], [-104.920916, 39.827653], [-104.920916, 39.828314], [-104.920329, 39.828314], [-104.92033, 39.828095], [-104.919742, 39.828093], [-104.919742, 39.827228], [-104.91916, 39.827229], [-104.919163, 39.828324], [-104.919789, 39.828319], [-104.919762, 39.829043], [-104.917408, 39.829048], [-104.917353, 39.828128], [-104.916754, 39.828192], [-104.916757, 39.828312], [-104.91613, 39.828308], [-104.916129, 39.82819], [-104.915851, 39.82813], [-104.91588, 39.828004], [-104.912136, 39.831281], [-104.911478, 39.831385], [-104.912663, 39.831443], [-104.912068, 39.831417], [-104.911666, 39.831777], [-104.911308, 39.831531], [-104.911047, 39.831756], [-104.911408, 39.832005], [-104.911184, 39.832193], [-104.911238, 39.832646], [-104.910846, 39.832582], [-104.910231, 39.83311], [-104.910262, 39.833567], [-104.909883, 39.833314], [-104.911142, 39.832229], [-104.910785, 39.831981], [-104.909481, 39.833106], [-104.910196, 39.833732], [-104.908816, 39.833681], [-104.904492, 39.837415], [-104.904493, 39.838116], [-104.903696, 39.838097], [-104.903327, 39.838425], [-104.903337, 39.84025], [-104.902962, 39.840248], [-104.902958, 39.840715], [-104.902969, 39.841016], [-104.90334, 39.841021], [-104.90334, 39.841212], [-104.902888, 39.841208], [-104.902886, 39.840322], [-104.901555, 39.840244], [-104.901562, 39.841695], [-104.903233, 39.841785], [-104.903201, 39.843532], [-104.899876, 39.843506], [-104.89987, 39.844], [-104.900931, 39.844125], [-104.903187, 39.844053], [-104.90318, 39.844435], [-104.900929, 39.844345], [-104.900616, 39.844358], [-104.900614, 39.844489], [-104.899834, 39.844494], [-104.899823, 39.845278], [-104.900962, 39.845278], [-104.900971, 39.844804], [-104.90117, 39.844805], [-104.90116, 39.845275], [-104.901525, 39.845283], [-104.901559, 39.844806], [-104.902147, 39.844807], [-104.902138, 39.84528], [-104.902532, 39.845281], [-104.902538, 39.844806], [-104.902736, 39.844809], [-104.902741, 39.845282], [-104.903327, 39.84528], [-104.903324, 39.845743], [-104.905389, 39.845749], [-104.905405, 39.844949], [-104.903326, 39.844939], [-104.903344, 39.844144], [-104.905475, 39.844166], [-104.905504, 39.842592], [-104.907625, 39.842597], [-104.907633, 39.841722], [-104.90774, 39.841722], [-104.907731, 39.843379], [-104.909167, 39.843374], [-104.909212, 39.841609], [-104.910624, 39.841608], [-104.910623, 39.841258], [-104.911235, 39.841259], [-104.911234, 39.840875], [-104.912619, 39.840878], [-104.912641, 39.833696], [-104.912201, 39.833695], [-104.912205, 39.833069], [-104.913166, 39.833086], [-104.913165, 39.833245], [-104.912757, 39.833244], [-104.912757, 39.833404], [-104.913167, 39.833404], [-104.913166, 39.833564], [-104.912757, 39.833564], [-104.912752, 39.833719], [-104.913657, 39.833725], [-104.913657, 39.833883], [-104.912758, 39.833883], [-104.912752, 39.834037], [-104.913126, 39.834032], [-104.913136, 39.834465], [-104.912695, 39.834465], [-104.912677, 39.838113], [-104.913619, 39.838102], [-104.913619, 39.837912], [-104.914249, 39.837913], [-104.91425, 39.837734], [-104.914466, 39.837733], [-104.914462, 39.838103], [-104.914826, 39.838103], [-104.920519, 39.830825], [-104.919847, 39.830827], [-104.919845, 39.830029], [-104.921127, 39.830034], [-104.922091, 39.828741], [-104.922093, 39.829601], [-104.924036, 39.827116]], [[-104.911876, 39.841795], [-104.910381, 39.841792], [-104.910383, 39.842285], [-104.911563, 39.842282], [-104.911876, 39.841795]], [[-104.905422, 39.846534], [-104.903361, 39.846529], [-104.903368, 39.846167], [-104.903154, 39.846165], [-104.903167, 39.845445], [-104.902918, 39.845445], [-104.902912, 39.845807], [-104.902307, 39.845789], [-104.902297, 39.846302], [-104.902083, 39.846306], [-104.902075, 39.846749], [-104.903144, 39.84675], [-104.903129, 39.847745], [-104.904292, 39.847747], [-104.90428, 39.848143], [-104.904817, 39.848145], [-104.904798, 39.848935], [-104.905352, 39.848937], [-104.905422, 39.846534]], [[-104.904279, 39.848185], [-104.903274, 39.848185], [-104.903265, 39.848564], [-104.904272, 39.848567], [-104.904279, 39.848185]], [[-104.90411, 39.857167], [-104.903892, 39.856633], [-104.903173, 39.855802], [-104.903078, 39.855233], [-104.902306, 39.856221], [-104.903176, 39.856365], [-104.903549, 39.856789], [-104.903754, 39.857425], [-104.903208, 39.859617], [-104.902821, 39.860367], [-104.901642, 39.861555], [-104.90039, 39.862158], [-104.899182, 39.862228], [-104.897916, 39.861822], [-104.897696, 39.862104], [-104.898608, 39.862459], [-104.899895, 39.862574], [-104.900638, 39.862452], [-104.90167, 39.861997], [-104.903075, 39.860732], [-104.903076, 39.860391], [-104.90364, 39.859421], [-104.90411, 39.857167]], [[-104.902092, 39.845857], [-104.901504, 39.845853], [-104.901516, 39.845449], [-104.89977, 39.845441], [-104.899759, 39.847127], [-104.9018, 39.847132], [-104.90188, 39.846145], [-104.902085, 39.84615], [-104.902092, 39.845857]], [[-104.900869, 39.849049], [-104.900427, 39.84905], [-104.900407, 39.849874], [-104.900204, 39.849877], [-104.900213, 39.848668], [-104.89963, 39.84867], [-104.899607, 39.850693], [-104.900863, 39.850692], [-104.900869, 39.849049]], [[-104.900738, 39.852103], [-104.899529, 39.852112], [-104.899528, 39.852583], [-104.900733, 39.852516], [-104.900738, 39.852103]], [[-104.900415, 39.84183], [-104.899906, 39.841943], [-104.899891, 39.842493], [-104.900297, 39.842494], [-104.900415, 39.84183]], [[-104.899545, 39.844771], [-104.899015, 39.844765], [-104.899013, 39.845154], [-104.898498, 39.845146], [-104.898496, 39.845333], [-104.899537, 39.845337], [-104.899545, 39.844771]], [[-104.899519, 39.850744], [-104.898539, 39.850741], [-104.898517, 39.852122], [-104.899503, 39.852128], [-104.899519, 39.850744]], [[-104.899178, 39.848988], [-104.898474, 39.848989], [-104.898469, 39.850252], [-104.899131, 39.850248], [-104.899178, 39.848988]], [[-104.893782, 39.848368], [-104.893336, 39.848369], [-104.893329, 39.848975], [-104.893764, 39.848975], [-104.893782, 39.848368]], [[-104.893762, 39.849072], [-104.89272, 39.849066], [-104.892716, 39.849338], [-104.892547, 39.84935], [-104.89254, 39.850081], [-104.892068, 39.850082], [-104.892071, 39.849772], [-104.891491, 39.849773], [-104.891469, 39.850702], [-104.89204, 39.850713], [-104.892041, 39.850401], [-104.892537, 39.850398], [-104.892534, 39.850704], [-104.893745, 39.850682], [-104.893762, 39.849072]], [[-104.893733, 39.852658], [-104.890276, 39.852654], [-104.890262, 39.854419], [-104.89258, 39.854414], [-104.892589, 39.853408], [-104.893731, 39.853407], [-104.893733, 39.852658]], [[-104.891345, 39.848975], [-104.891116, 39.848973], [-104.889618, 39.850205], [-104.890769, 39.850206], [-104.890855, 39.850908], [-104.891327, 39.850906], [-104.891345, 39.848975]], [[-104.889615, 39.885379], [-104.883919, 39.885384], [-104.883924, 39.885703], [-104.884195, 39.885708], [-104.884197, 39.887055], [-104.887319, 39.887058], [-104.886866, 39.887837], [-104.887003, 39.887866], [-104.886906, 39.888069], [-104.887895, 39.88824], [-104.889615, 39.885379]], [[-104.887932, 39.851651], [-104.887927, 39.851288], [-104.887283, 39.851843], [-104.887519, 39.852005], [-104.887932, 39.851651]], [[-104.88692, 39.889818], [-104.885397, 39.889835], [-104.885209, 39.890323], [-104.884513, 39.890974], [-104.886059, 39.891197], [-104.88692, 39.889818]], [[-104.885341, 39.892357], [-104.885143, 39.892474], [-104.883654, 39.892476], [-104.883657, 39.893952], [-104.881831, 39.893618], [-104.879749, 39.89489], [-104.882072, 39.896086], [-104.881752, 39.896086], [-104.878918, 39.894618], [-104.876956, 39.896088], [-104.874737, 39.896085], [-104.874754, 39.899614], [-104.880116, 39.899627], [-104.883999, 39.894496], [-104.885341, 39.892357]], [[-104.884237, 39.899704], [-104.884195, 39.894636], [-104.880301, 39.899711], [-104.884237, 39.899704]], [[-104.881371, 39.902314], [-104.879091, 39.902303], [-104.878234, 39.904285], [-104.877062, 39.905801], [-104.879432, 39.906018], [-104.879417, 39.903357], [-104.881339, 39.903338], [-104.881371, 39.902314]], [[-104.878397, 39.903341], [-104.877911, 39.903339], [-104.878014, 39.903642], [-104.877847, 39.904007], [-104.876727, 39.904817], [-104.875336, 39.905186], [-104.873879, 39.905342], [-104.872576, 39.90595], [-104.871602, 39.906547], [-104.87078, 39.907728], [-104.869893, 39.908334], [-104.868309, 39.908218], [-104.866081, 39.908604], [-104.865748, 39.908805], [-104.865312, 39.909417], [-104.86423, 39.910138], [-104.864223, 39.910604], [-104.860785, 39.910599], [-104.860683, 39.910082], [-104.858505, 39.912867], [-104.857695, 39.913993], [-104.857721, 39.91418], [-104.861463, 39.914069], [-104.861339, 39.914193], [-104.861827, 39.914179], [-104.863888, 39.913027], [-104.864441, 39.913148], [-104.864884, 39.913651], [-104.869656, 39.912311], [-104.872431, 39.912054], [-104.873717, 39.910388], [-104.876104, 39.906633], [-104.877851, 39.904416], [-104.878397, 39.903341]], [[-104.871863, 39.912762], [-104.869958, 39.912769], [-104.867954, 39.913364], [-104.867966, 39.914094], [-104.870746, 39.914146], [-104.871863, 39.912762]], [[-104.868419, 39.870633], [-104.86715, 39.869606], [-104.866664, 39.870027], [-104.866671, 39.870629], [-104.868419, 39.870633]], [[-104.865869, 39.87073], [-104.865142, 39.870724], [-104.865285, 39.870801], [-104.858899, 39.876302], [-104.856729, 39.877973], [-104.857457, 39.877976], [-104.865869, 39.87073]], [[-104.856028, 39.879412], [-104.855213, 39.879274], [-104.852178, 39.881888], [-104.853143, 39.881897], [-104.856028, 39.879412]], [[-104.854813, 39.879211], [-104.850184, 39.879207], [-104.850202, 39.881897], [-104.8517, 39.88189], [-104.854813, 39.879211]], [[-104.852022, 39.913636], [-104.84983, 39.913523], [-104.849833, 39.914167], [-104.852033, 39.914237], [-104.852022, 39.913636]], [[-104.832406, 39.899737], [-104.831443, 39.899738], [-104.830889, 39.900216], [-104.831286, 39.900701], [-104.832406, 39.899737]], [[-104.830891, 39.899753], [-104.827825, 39.899773], [-104.827821, 39.901657], [-104.829358, 39.901046], [-104.830891, 39.899753]], [[-104.829732, 39.901166], [-104.827823, 39.901954], [-104.827812, 39.902861], [-104.829732, 39.901166]], [[-104.827885, 39.878274], [-104.827884, 39.877132], [-104.827183, 39.877131], [-104.827181, 39.878285], [-104.827885, 39.878274]], [[-104.82788, 39.880807], [-104.826488, 39.880823], [-104.826479, 39.881655], [-104.827879, 39.881636], [-104.82788, 39.880807]], [[-104.827878, 39.881732], [-104.823483, 39.88177], [-104.823464, 39.882944], [-104.827876, 39.882877], [-104.827878, 39.881732]], [[-104.816288, 39.889044], [-104.816282, 39.88552], [-104.814061, 39.885525], [-104.814009, 39.889062], [-104.816288, 39.889044]], [[-104.799757, 39.885573], [-104.795116, 39.885591], [-104.79511, 39.886501], [-104.799747, 39.886484], [-104.799757, 39.885573]], [[-104.79971, 39.900208], [-104.790334, 39.900264], [-104.790201, 39.9074], [-104.799602, 39.907347], [-104.79971, 39.900208]], [[-104.786647, 39.900192], [-104.785646, 39.900183], [-104.785641, 39.901013], [-104.786645, 39.901013], [-104.786647, 39.900192]], [[-104.77664, 39.870926], [-104.772037, 39.870846], [-104.771904, 39.878229], [-104.776459, 39.878233], [-104.77664, 39.870926]], [[-104.773883, 39.910853], [-104.77143, 39.910863], [-104.771377, 39.914261], [-104.773837, 39.914237], [-104.773883, 39.910853]], [[-104.773767, 39.90015], [-104.771521, 39.900129], [-104.771465, 39.905441], [-104.773698, 39.905458], [-104.773767, 39.90015]], [[-104.772637, 39.856471], [-104.772067, 39.856474], [-104.772066, 39.857028], [-104.772633, 39.857026], [-104.772637, 39.856471]], [[-104.766034, 39.899812], [-104.764055, 39.899597], [-104.763662, 39.899396], [-104.762643, 39.897677], [-104.762509, 39.897204], [-104.762478, 39.893715], [-104.762346, 39.893129], [-104.762755, 39.888569], [-104.763305, 39.886388], [-104.763765, 39.886009], [-104.765127, 39.885735], [-104.765143, 39.885535], [-104.760881, 39.885516], [-104.760893, 39.88623], [-104.761552, 39.889007], [-104.761719, 39.890362], [-104.761669, 39.896559], [-104.759907, 39.896551], [-104.759948, 39.892731], [-104.75261, 39.892754], [-104.752568, 39.900038], [-104.766031, 39.900083], [-104.766034, 39.899812]], [[-104.933961, 39.829939], [-104.93396, 39.830368], [-104.935163, 39.830366], [-104.935154, 39.830671], [-104.936141, 39.830668], [-104.936142, 39.82993], [-104.933961, 39.829939]]]]}}, {"type": "Feature", "properties": {"key": "broomfield", "name": "Broomfield"}, "geometry": {"type": "MultiPolygon", "coordinates": [[[[-105.109179, 39.956214], [-105.109179, 39.957103], [-105.106674, 39.95783], [-105.107376, 39.957828], [-105.107365, 39.958101], [-105.103493, 39.958694], [-105.09996, 39.958979], [-105.099965, 39.957855], [-105.091025, 39.957803], [-105.103729, 39.957541], [-105.106729, 39.956951], [-105.109179, 39.956214]]], [[[-105.166056, 39.901768], [-105.165625, 39.901774], [-105.16569, 39.910515], [-105.162493, 39.911369], [-105.158458, 39.911596], [-105.153313, 39.913039], [-105.150446, 39.91324], [-105.148399, 39.91375], [-105.147142, 39.913849], [-105.147041, 39.928938], [-105.137604, 39.928931], [-105.137578, 39.939712], [-105.128165, 39.939618], [-105.128002, 39.954173], [-105.121943, 39.95416], [-105.12116, 39.952138], [-105.11795, 39.953944], [-105.115643, 39.954984], [-105.109517, 39.956996], [-105.109537, 39.956105], [-105.113654, 39.954809], [-105.115972, 39.953907], [-105.120837, 39.951293], [-105.120514, 39.950527], [-105.109333, 39.95064], [-105.109353, 39.943336], [-105.118562, 39.943323], [-105.118619, 39.935681], [-105.118257, 39.935007], [-105.118774, 39.933796], [-105.118657, 39.932965], [-105.114484, 39.930126], [-105.113762, 39.928615], [-105.11184, 39.927081], [-105.109414, 39.925475], [-105.109404, 39.926195], [-105.11106, 39.927191], [-105.111873, 39.92805], [-105.113288, 39.930738], [-105.11345, 39.931514], [-105.113296, 39.932278], [-105.112856, 39.932965], [-105.109235, 39.935408], [-105.109236, 39.936135], [-105.090853, 39.936051], [-105.090813, 39.939249], [-105.090976, 39.939248], [-105.091072, 39.943281], [-105.076637, 39.943329], [-105.076568, 39.950538], [-105.074604, 39.95052], [-105.071899, 39.950198], [-105.072002, 39.95767], [-105.083117, 39.957796], [-105.083118, 39.958269], [-105.084216, 39.95849], [-105.085237, 39.958362], [-105.086693, 39.957913], [-105.088231, 39.957928], [-105.088237, 39.95803], [-105.088695, 39.95803], [-105.088693, 39.958424], [-105.088038, 39.958443], [-105.088031, 39.959753], [-105.087525, 39.959748], [-105.087464, 39.95996], [-105.084581, 39.960336], [-105.08203, 39.96085], [-105.080023, 39.961452], [-105.078632, 39.962182], [-105.076572, 39.963608], [-105.070611, 39.969021], [-105.068065, 39.970932], [-105.065137, 39.972485], [-105.052797, 39.977674], [-105.052823, 40.00026], [-105.046237, 40.000265], [-105.046232, 40.000466], [-105.007906, 40.000483], [-105.007995, 40.007581], [-104.989647, 40.007679], [-104.989614, 40.01489], [-104.999065, 40.014887], [-104.99907, 40.016131], [-104.998111, 40.016984], [-104.99751, 40.018096], [-104.996905, 40.018492], [-104.996313, 40.019196], [-104.995792, 40.020361], [-104.996038, 40.020556], [-104.999013, 40.020627], [-104.999015, 40.020938], [-104.996784, 40.02082], [-104.996742, 40.023509], [-104.999005, 40.023509], [-104.999007, 40.025776], [-104.986543, 40.025799], [-104.9865, 40.029309], [-104.980063, 40.029325], [-104.980041, 40.040316], [-104.979927, 40.040313], [-104.979905, 40.042111], [-104.979242, 40.043758], [-104.978526, 40.043888], [-104.961071, 40.044144], [-104.96132, 40.014982], [-104.961483, 40.014979], [-104.96152, 40.011188], [-104.961538, 40.000404], [-104.961405, 40.000337], [-104.980944, 40.000325], [-104.981607, 39.998657], [-104.986768, 39.989107], [-104.987581, 39.987113], [-104.987746, 39.986483], [-104.987784, 39.975746], [-104.994411, 39.975803], [-104.99438, 39.973953], [-104.99708, 39.973954], [-104.997065, 39.972149], [-104.988108, 39.972175], [-104.988108, 39.968468], [-104.99725, 39.968529], [-104.997379, 39.975785], [-104.998389, 39.975805], [-104.998404, 39.977586], [-104.999474, 39.977582], [-104.999476, 39.978416], [-104.997398, 39.97842], [-104.997423, 39.981213], [-105.015845, 39.981193], [-105.015722, 39.972276], [-105.013409, 39.972265], [-105.013417, 39.970465], [-105.015691, 39.970437], [-105.01568, 39.956665], [-105.015565, 39.955188], [-105.01641, 39.954101], [-105.016856, 39.952842], [-105.01554, 39.951644], [-105.013279, 39.950559], [-105.012533, 39.950344], [-105.010995, 39.951344], [-105.010992, 39.950474], [-105.006298, 39.950439], [-105.006265, 39.946805], [-104.997056, 39.946772], [-104.997025, 39.943239], [-105.015657, 39.943131], [-105.015469, 39.921309], [-105.021536, 39.921359], [-105.021552, 39.919207], [-105.023545, 39.919225], [-105.023548, 39.921317], [-105.0344, 39.921371], [-105.034347, 39.914181], [-105.052971, 39.914224], [-105.052979, 39.913722], [-105.055319, 39.913725], [-105.055294, 39.912426], [-105.057676, 39.912429], [-105.057676, 39.913702], [-105.058864, 39.913687], [-105.058861, 39.912438], [-105.060042, 39.912453], [-105.060042, 39.913977], [-105.062384, 39.913987], [-105.062392, 39.907025], [-105.071775, 39.907018], [-105.071688, 39.899832], [-105.08423, 39.899837], [-105.084285, 39.898957], [-105.090624, 39.898903], [-105.090626, 39.899677], [-105.096692, 39.899788], [-105.096681, 39.900787], [-105.100102, 39.902206], [-105.100641, 39.908638], [-105.102404, 39.90937], [-105.106951, 39.911729], [-105.106033, 39.912768], [-105.106577, 39.913053], [-105.107285, 39.912249], [-105.107553, 39.91239], [-105.108178, 39.91281], [-105.107654, 39.913416], [-105.108609, 39.914137], [-105.147117, 39.914002], [-105.147396, 39.900094], [-105.131429, 39.900099], [-105.129002, 39.900265], [-105.128918, 39.899985], [-105.128678, 39.899985], [-105.128723, 39.894599], [-105.128941, 39.894598], [-105.128895, 39.890353], [-105.129825, 39.890378], [-105.130271, 39.890643], [-105.130885, 39.892697], [-105.132179, 39.892487], [-105.133105, 39.892012], [-105.136308, 39.89202], [-105.136392, 39.891016], [-105.136677, 39.890834], [-105.137138, 39.890831], [-105.134852, 39.889292], [-105.146989, 39.889212], [-105.14744, 39.889297], [-105.14744, 39.88945], [-105.165167, 39.891486], [-105.165173, 39.892499], [-105.165571, 39.892495], [-105.165622, 39.901499], [-105.166055, 39.901494], [-105.166056, 39.901768]], [[-105.082566, 39.959277], [-105.081378, 39.958408], [-105.080044, 39.958104], [-105.080048, 39.957928], [-105.059332, 39.957763], [-105.059328, 39.958708], [-105.058195, 39.958716], [-105.058207, 39.957894], [-105.052889, 39.957826], [-105.052828, 39.965892], [-105.054202, 39.96587], [-105.057747, 39.968636], [-105.057709, 39.974669], [-105.065075, 39.971554], [-105.067269, 39.970369], [-105.069801, 39.968482], [-105.074735, 39.963935], [-105.076567, 39.962466], [-105.078836, 39.96107], [-105.081217, 39.959818], [-105.082566, 39.959277]], [[-104.979917, 40.029486], [-104.973074, 40.029512], [-104.97305, 40.033037], [-104.977635, 40.033057], [-104.977854, 40.033377], [-104.978259, 40.033471], [-104.979459, 40.033052], [-104.979911, 40.033053], [-104.979917, 40.029486]]]]}}, {"type": "Feature", "properties": {"key": "northglenn", "name": "Northglenn"}, "geometry": {"type": "MultiPolygon", "coordinates": [[[[-104.946839, 40.014899], [-104.942446, 40.01487], [-104.942383, 40.008252], [-104.942207, 40.006801], [-104.942596, 40.007182], [-104.94327, 40.008777], [-104.946839, 40.014899]]], [[[-104.961538, 40.000404], [-104.961483, 40.014979], [-104.947438, 40.014903], [-104.943926, 40.008677], [-104.943356, 40.007357], [-104.942879, 40.005173], [-104.942762, 40.003914], [-104.942657, 40.003909], [-104.942644, 40.000432], [-104.961538, 40.000404]]], [[[-105.015532, 39.899657], [-104.996632, 39.899724], [-104.996647, 39.911424], [-104.992648, 39.911422], [-104.992663, 39.91333], [-104.993198, 39.91333], [-104.993202, 39.914046], [-104.982526, 39.914173], [-104.968453, 39.91405], [-104.968474, 39.921379], [-104.966029, 39.921596], [-104.96514, 39.921492], [-104.963759, 39.920837], [-104.963755, 39.921196], [-104.961493, 39.921188], [-104.959057, 39.916765], [-104.958659, 39.915053], [-104.958605, 39.913897], [-104.959072, 39.913901], [-104.958839, 39.899467], [-104.949578, 39.899398], [-104.949554, 39.892194], [-104.944888, 39.892161], [-104.944933, 39.886597], [-104.945169, 39.886419], [-104.944839, 39.885916], [-104.944752, 39.885284], [-104.945824, 39.8852], [-104.945923, 39.885025], [-104.946122, 39.885027], [-104.954246, 39.890167], [-104.954245, 39.890351], [-104.958524, 39.893181], [-104.958935, 39.89318], [-104.958937, 39.892515], [-104.958521, 39.892253], [-104.958938, 39.892259], [-104.95892, 39.885117], [-104.986292, 39.885217], [-104.986292, 39.885083], [-104.986703, 39.884823], [-104.987102, 39.883231], [-104.987207, 39.8749], [-104.988096, 39.874903], [-104.991212, 39.872383], [-104.991119, 39.872319], [-104.991442, 39.87203], [-104.98889, 39.870331], [-104.988672, 39.870041], [-104.988666, 39.86944], [-104.988852, 39.869253], [-104.990123, 39.869461], [-104.991306, 39.869139], [-104.992169, 39.869388], [-104.992695, 39.868277], [-104.993198, 39.868418], [-104.993357, 39.868093], [-104.994318, 39.868376], [-104.994168, 39.86869], [-104.994633, 39.86882], [-104.993585, 39.871063], [-104.995073, 39.871311], [-104.995068, 39.871879], [-104.99557, 39.872202], [-105.000491, 39.87229], [-105.001036, 39.872467], [-105.00104, 39.871969], [-105.001306, 39.87197], [-105.001309, 39.872554], [-105.002216, 39.87297], [-105.001749, 39.874019], [-105.001691, 39.878233], [-105.003504, 39.878579], [-105.006121, 39.87861], [-105.006099, 39.885065], [-105.015517, 39.885061], [-105.015532, 39.899657]]]]}}, {"type": "Feature", "properties": {"key": "federal_heights", "name": "Federal Heights"}, "geometry": {"type": "Polygon", "coordinates": [[[-105.025113, 39.872781], [-105.02502, 39.88513], [-105.015518, 39.885126], [-105.01545, 39.867159], [-105.010717, 39.867121], [-105.010726, 39.868964], [-105.006025, 39.868964], [-105.00596, 39.852572], [-104.996532, 39.852617], [-104.99654, 39.849063], [-105.012152, 39.849045], [-105.012144, 39.849576], [-105.013002, 39.849566], [-105.013031, 39.850862], [-105.015387, 39.850888], [-105.015536, 39.856221], [-105.024918, 39.856274], [-105.025113, 39.872781]]]}}]}